Splendid toadfish sightings,,,,,
,,,,,
Number of sightings in 7 day period,,,,,
Number of sightings with photograph,,,,,
Number of sightings with photo and GPS,,,,,
,,,,,
Location with photo and GPS,,,,,
Reef name,Number of sightings,,,,
Maracaibo,,,,,
Chun Chacaab,,,,,
Punta Sur,,,,,
Columbia Shallows,,,,,
Columbia Deep,,,,,
Palancar Caves,,,,,
Palancar Horseshoe,,,,,
Palancar Bricks,,,,,
Palancar Gardens,,,,,
La Francesca,,,,,
Dalila,,,,,
Paso del Cedral,,,,,
Cedral Wall,,,,,
Santa Rosa Shallows,,,,,
Santa Rosa Wall,,,,,
Tunich Wall,,,,,
Yucab,,,,,
Torentos,,,,,
Chankanaab,,,,,
Las Palmas,,,,,
Paradise Reef,,,,,
Villa Blanca Wall,,,,,
San Juan Reef,,,,,
Baracuda,,,,,
,,,,,
Date ,Name,Type,Reef,Photographic evidence,GPS
04/02/2024,Lobo,,Yucab,Yes,Yes
04/02/2024,Graham,,Palancar Gardens,Yes,Yes
04/02/2024,Addy,,La Francesca,No,No
04/02/2024,Coot Poot,,Palancar Gradens,Yes,Yes
04/02/2024,Gustavo,,Palancar Bricks,Yes,Yes
04/02/2024,Lisa ,,La Francesca,Yes,Yes
05/02/2024,Tracy,,Santa Rosa Shallows,Yes,No
05/02/2024,Dave,,Columbia Deep,Yes,Yes
05/02/2024,Jorge,,Paso del Cedral,Yes,Yes
05/02/2024,Gustavo,,Columbia Shallows,Yes,Yes
05/02/2024,Gustavo,,Columbia Shallows,Yes,Yes
05/02/2024,Coot Poot,,Santa Rosa Shallows,Yes,Yes
06/02/2024,Dave,,La Francesca,Yes,Yes
07/02/2024,Gustavo,,Tunich Wall,No,No
07/02/2024,Eduardo,,Maracaibo,Yes,Yes
07/02/2024,Jorge,,Dalila,Yes,Yes
07/02/2024,Dave,,Tunich Wall,Yes,Yes
07/02/2024,Zuan,,Cedral Wall,Yes,No
07/02/2024,Gustavo,,Punta Sur,Yes,Yes
07/02/2024,Gustavo,,Paso del Cedral,No,No
08/02/2024,Dave,,Dalila,Yes,Yes
08/02/2024,Dave,,Dalila,Yes,Yes
08/02/2024,Marcelo,,Santa Rosa Shallows,Yes,Yes
08/02/2024,Coot Poot,,Palancar Bricks,No,Yes
08/02/2024,Coot Poot,,Palancar Gardens,No,Yes
08/02/2024,Gustavo,,Chun Chacab,Yes,Yes
08/02/2024,Carlos,,Dalila,Yes,Yes
09/02/2024,Gustavo,,Paso del Cedral,Yes,Yes
09/02/2024,Tracy,,Santa Rosa Wall,Yes,No
09/02/2024,Dave,,Columbia Shallows,Yes,Yes
09/02/2024,Eduardo,,Dalila,Yes,Yes
10/02/2024,Geraldine,,Palancar Horseshoe,No,No
10/02/2024,Gustavo,,La Francesca,Yes,Yes
10/02/2024,Gustavo,,Santa Rosa Shallows,Yes,Yes
10/02/2024,Marcelo,,Paso del Cedral,Yes,Yes
10/02/2024,Gustavo,,Paso del Cedral,No,No
10/02/2024,Jorge,,Palancar Horseshoe,Yes,Yes
10/02/2024,Edwin,,Dalila,Yes,No
10/02/2024,Gustavo,,Dalila,Yes,Yes
10/02/2024,Coot Poot,,Columbia Shallows,Yes,Yes
10/02/2024,Dave,,Yucab,Yes,Yes
