Name,Years diving,Type
Maro,12,Marine Biologist
Juan,16,Marine Biologist
Rosana,23,Marine Biologist
Sandra,9,Marine Biologist
Mohammed,11,Marine Biologist
Gusik,14,Marine Biologist
Gustavo,9,Marine Biologist
Dave,4,Marine Biologist
Eduardo,20,Marine Biologist
Jorge,23,Marine Biologist
Coot Poot,23,Instructor
Lisa ,27,Instructor
Carlos,6,Instructor
Zulma,25,Instructor
Cristina,5,Instructor
Daniel,12,Instructor
Ricardo,5,Instructor
Cesar,16,Instructor
Jens,20,Instructor
Iz,22,Instructor
Lobo,26,Divemaster
Edwin,23,Divemaster
Oscar,6,Divemaster
Javier,6,Divemaster
Ashley,27,Divemaster
Raul,25,Divemaster
Estelios,20,Divemaster
Liberto,29,Divemaster
Sara,27,Divemaster
Zuan,12,Diver
Graham,18,Diver
Addy,26,Diver
Tracy,8,Diver
Geraldine,12,Diver
Marcelo,17,Diver
Lilian,21,Diver
Mascotas,28,Diver
Michael,8,Diver
Marc,4,Diver
Jean,5,Diver
Alfredo,9,Diver
Joshua,8,Diver
Ana,20,Diver
Julie,25,Diver
Alfonso,9,Diver
Kumar,27,Diver
Sabine,7,Diver
Olai,21,Diver
Deborah,14,Diver
Terri,11,Diver
