Code,Category,Species,Scientific name,Population,Status
s,Southern giraffe,Southern giraffe,Giraffa giraffa,"49,850",Vulnerable
s1,Southern giraffe,Angolan giraffe,Giraffa giraffa angolensis,"20,200",Vulnerable
s2,Southern giraffe,South African giraffe,Giraffa giraffa giraffa,"29,650",Vulnerable
m,Masai giraffe,Masai giraffe,Giraffa tippelskirchi,"45,400",Vulnerable
m1`,Masai giraffe,Luangwa giraffe,Giraffa tippelskirchi thornicrofti,650,Critically endangered
m2,Masai giraffe,Masai giraffe,Giraffa tippelskirchi tippelskirchi,"44,750",Vulnerable
n,Northern giraffe,Northern giraffe,Giraffa camelopardalis,"5,900",Critically endangered
n1,Northern giraffe,Kordofan giraffe,Giraffa camelopardalis antiquorum,"2,300",Critically endangered
n2,Northern giraffe,Nubian giraffe,Giraffa camelopardalis camelopardalis,"3,000",Critically endangered
n3,Northern giraffe,West African giraffe,Giraffa camelopardalisperalta,600,Critically endangered
r,Reticulated giraffe,Reticulated giraffe,Giraffa reticulata,"15,950",Endangered
