Level,Course_name,Course_ID,Course_type,Study_mode,Duration,Course_cost,Start_date
1,Introduction to Equine Behaviour,TAGL101,Leisure,Online,2 days,165.55,12/08/2024
1,Beginners Floristry,TAGL102,Post 16,Part time,20 weeks,1245.75,25/05/2024
1,Equine Health and Welfare,TAGL103,Leisure,Part time,6 months,956.8,12/10/2024
1,Chainsaw Certificate,TAGL104,Leisure,Part time,5 days,795,12/07/2024
1,Certificate In Practical Horticulture,TAGL105,Post 16,Part time,18 weeks,687.9,30/06/2024
1,Agricultural Welding Skills,TAGL106,Leisure,Part time,4 days,565.8,01/08/2024
1,Basics of Equine Nutrition,TAGL107,Leisure,Part time,3 days,386.55,28/09/2024
1,Introduction to Dog Training,TAGL108,Leisure,Part time,3 days,346.89,01/07/2024
1,Equine Anatomy in Action,TAGL109,Leisure,Part time,6 weeks,296.47,02/03/2024
1,Beekeeping for Beginners,TAGL110,Leisure,Part time,2 days,175.58,30/06/2024
1,Dry Stone Walling,TAGL111,Leisure,Part time,2 days,175.58,10/07/2024
1,Berry Production,TAGL112,Leisure,Part time,1 day,95.6,01/09/2024
1,Canine First Aid,TAGL113,Leisure,Part time,1 day,95.6,10/08/2024
1,Equine First Aid,TAGL114,Leisure,Part time,1 day,95.6,07/09/2024
1,Diploma in Horse Care,TAGL115,Apprenticeship,Work based,1 year,985.9,12/04/2024
2,Land Based Studies,TAGL201,Post 16,Full time,1 year,3575.6,12/09/2024
2,Technical Certificate in Floristry,TAGL202,Post 16,Full time,1 year,2957.87,12/09/2024
2,Basic Stockmanship and Welfare,TAGL203,Post 16,Full time,2 years,1985.46,30/06/2024
2,Animal Care Certificate,TAGL204,Post 16,Full time,1 year,1865.34,04/09/2024
2,Animal Nursing Assistant,TAGL205,Post 16,Full time,1 year,1687.45,21/04/2024
2,Certificate in Forestry,TAGL206,Post 16,Online,2 years,1954.21,25/10/2023
2,Introduction to Dog Grooming,TAGL207,Post 16,Online,2 years,1495,12/01/2024
2,Equine Health and Nutrition,TAGL208,Post 16,Online,14 months,1275.9,03/11/2023
2,Dog Grooming Assistant,TAGL209,Post 16,Part time,18 weeks,758.45,01/05/2024
2,Dog Care and Training,TAGL210,Leisure,Part time,5 days,599,01/07/2024
2,Tractor Driving,TAGL211,Post 16,Part time,4 days,565.8,23/05/2024
2,Equine Care and Husbandry,TAGL212,Leisure,Part time,4 weeks,486.55,28/08/2024
2,Chainsaw Maintenance and Cross Cutting,TAGL213,Leisure,Part time,3 days,420.65,12/05/2024
2,Principles of Horse Care,TAGL214,Leisure,Part time,6 weeks,387.65,06/10/2024
2,Animal Care and Welfare Assistant,TAGL215,Apprenticeship,Work based,18 months,2479.65,01/07/2024
2,Dog Groomer,TAGL216,Apprenticeship,Work based,2 years,2158.75,12/01/2024
2,Equine Groom,TAGL217,Apprenticeship,Work based,18 months,1267.24,23/10/2023
3,Animal Management Diploma,TAGL301,Post 16,Full time,2 years,5872.35,16/04/2024
3,Livestock Production,TAGL302,Post 16,Full time,2 years,5698.26,12/09/2024
3,Equine Management,TAGL303,Post 16,Full time,1 year,5551,03/01/2025
3,Land and Wildlife Management,TAGL304,Post 16,Full time,1 year,4758.95,12/09/2024
3,Crop Nutrition and Production,TAGL305,Post 16,Full time,2 years,3875.9,12/09/2024
3,Conservation and Environmental Sustainability,TAGL306,Post 16,Full time,2 years,3564.8,01/06/2024
3,Gamekeeping Diploma,TAGL307,Post 16,Full time,1 year,3265.1,01/10/2024
3,Diploma in Equine Management,TAGL308,Post 16,Full time,2 years,2875.9,16/01/2025
3,Animal Husbandry,TAGL309,Post 16,Full time,2 years,2415.3,12/09/2023
3,Agricultural Crop Production,TAGL310,Post 16,Full time,2 years,1555.65,09/09/2024
3,Diploma in Horse Health,TAGL311,Leisure,Online,2 years,1246.32,12/04/2023
3,Care and Management of Horses,TAGL312,Leisure,Online,1 year,1245.85,17/01/2024
3,Organic Arable Farming,TAGL313,Post 16,Online,2 years,1245.85,12/02/2024
3,Organic Livestock Farming,TAGL314,Post 16,Online,2 years,1245.85,09/09/2024
3,Sheep Farming,TAGL315,Post 16,Online,2 years,1245.85,12/09/2024
3,Advanced Equine First Aid,TAGL316,Leisure,Online,14 months,1007.65,23/01/2024
3,Dog Walking and Pet Sitting for Professionals,TAGL317,Post 16,Online,6 months,399,14/04/2024
3,Certificate in Equine Transport,TAGL318,Post 16,Part time,2 years,3115.5,12/09/2024
3,Equine Lameness and Rehabilitation,TAGL319,Post 16,Part time,18 months,2475.25,10/06/2024
3,Financial Planning in Agriculture,TAGL320,Post 16,Part time,2 years,1987.45,10/07/2024
3,Agriculture Financial Planning,TAGL321,Post 16,Part time,2 years,1454.62,14/10/2024
3,Advanced Dog Grooming and Styling,TAGL322,Post 16,Part time,1 year,1239.6,12/09/2024
3,Veterinary Nursing Diploma,TAGL323,Apprenticeship,Work based,2.5 years,5832.65,12/09/2024
3,Diploma in Farriery,TAGL324,Apprenticeship,Work based,4 years,5589.34,27/09/2024
3,Apprenticeship in Stockmanship,TAGL325,Apprenticeship,Work based,2 years,3488.65,07/12/2024
3,Apprenticeship in Equine,TAGL326,Apprenticeship,Work based,2 years,2569.84,05/01/2024
3,Equine Therapy and Rehabilitation,TAGL327,Apprenticeship,Work based,3 years,2357.78,06/03/2024
3,Crop Technician,TAGL328,Apprenticeship,Work based,18 months,1987.65,01/02/2024
3,Livestock Unit Technician,TAGL329,Apprenticeship,Work based,18 months,1687.5,12/04/2024
3,Senior Equine Groom,TAGL330,Apprenticeship,Work based,2 years,1674.89,06/01/2024
4,Agriculture and Countryside Management,TAGL401,Post 16,Full time,3 years,5120.65,12/01/2025
4,Animal Technology and Management,TAGL402,Post 16,Full time,2 years,3875.9,15/11/2024
4,Diploma in Arboriculture,TAGL403,Post 16,Online,2 years,2210.55,13/01/2024
4,Rural Business Enterprise,TAGL404,Post 16,Online,3 years,1875.3,12/01/2025
4,Equine Husbandry,TAGL405,Post 16,Online,2 years,1765.23,17/02/2024
4,Managing Landscape,TAGL406,Post 16,Part time,3 years,3465.21,01/08/2024
4,Diploma in Dog Grooming,TAGL407,Post 16,Part time,2 years,3417.65,01/05/2024
4,Professional Floristry,TAGL408,Post 16,Part time,2 years,1987.1,15/04/2024
4,Agricultural Finance,TAGL409,Post 16,Part time,2 years,1674.89,02/01/2025
4,Equine Health Management,TAGL410,Apprenticeship,Work based,3 years,2757.78,19/11/2024
5,Agricultural Studies,TAGL501,University,Full time,3 years,5647.6,12/01/2025
5,Agriculture and Farming,TAGL502,University,Part time,4 years,8856.9,09/09/2023
5,Crop Sciences and Pest Management,TAGL503,University,Part time,4 years,9255,12/01/2025
5,Animal Welfare and Behaviour,TAGL504,Post 16,Part time,4 years,6445.2,17/08/2024
5,Equine Training and Behaviour,TAGL505,Apprenticeship,Work based,2 years,2659.5,13/02/2024
6,Equine Science,TAGL601,University,Full time,3 years,9250,09/09/2023
6,Agricultural and Crop Science,TAGL602,University,Full time,3 years,5875.54,30/05/2024
6,Finance in Agricultural Business,TAGL603,University,Part time,4 years,7245.85,30/05/2024
6,Applied Equitation Science,TAGL604,University,Part time,3 years,6987.54,19/01/2024
6,Livestock Science,TAGL605,University,Part time,4 years,6980.25,12/09/2024
6,Increase Yield with Intercrop,TAGL606,University,Part time,1 year,2975.6,12/09/2024
7,Equine Performance Science,TAGL701,University,Full time,2 years,6689.6,16/10/2023
7,Horticultural Studies,TAGL702,University,Part time,2 years,4654.98,18/02/2024
8,Agriculture and Consumer Economics,TAGL801,University,Part time,3 years,6587.54,19/01/2024
8,Sciences of Plant and Crop,TAGL802,University,Part time,1 year,3654.85,12/01/2025
