Age Categories,Rating,Description
,3,Suitable for all age groups. There may be a very mild form of violence such as a cartoon setting. No bad language should be heard.
,7,Same as rating 3 but may also have scary looking characters. Very mild forms of violence may be seen such as vehicles crashing into each other or non-realistic violence. May contain scenes or sounds that could be frightening to younger children. 
,12,"May contain violence of a slightly more graphic nature towards fantasy characters such as dragons or trolls, or non-realistic violence towards people. May also contain suggestive themes, crude humour and mild swearing."
,16,May contain more realistic violence towards people that looks the same as would be expected in real life. The use of bad language can be more extreme. Games of chance and the use of tobacco may also be present.
,18,"The adult classification is applied when the level of violence reaches a stage where it becomes a depiction of gross violence, motiveless killing, or violence towards defenceless characters. May also have other content that is only suitable for adults."
