Console_Name,Manufacturer,Platform,Console_Type,Produced,Generation
Artizar 4900,Artizar,4900,Home,1982,Second
Neotindo 4TS,Neotindo,4TS,Handheld,2022,Eighth
Neotindo TS,Neotindo,TS,Handheld,2017,Seventh
PalmBot,Neotindo,PB,Handheld,1994,Fourth
PalmBot Max,Neotindo,PBM,Handheld,2006,Sixth
Palm Acacia,Neotindo,PA,Home,2006,Sixth
Trix Mega,Trix,MEG,Home,1993,Fourth
Mobius Complete,Nimbus,PC,Home,2019,Sixth
GameDepot,Sonus,GD,Home,1999,Fifth
GameDepot 5,Sonus,GD5,Home,2005,Sixth
GameDepot 7,Sonus,GD7,Home,2011,Seventh
GameDepot 9,Sonus,GD9,Home,2018,Eighth
GameDepot Portable,Sonus,GDP,Handheld,2009,Seventh
Advanced Neotindo Studio,Neotindo,ANS,Home,1995,Fourth
NemeS,Neotindo,Neo,Home,2011,Seventh 
NemeHD,Neotindo,NeoHD,Home,2017,Eighth
Cyrus 360,Nimbus,CY360,Home,2010,Seventh
Cyrus,Nimbus,CY,Home,2006,Sixth
Cyrus Pro,Nimbus,CYPRO,Home,2018,Eighth
