Session_ID,Child_ID,Day,Start_Time,End_Time,Session
FRA1,4YR10,Friday,08:00:00,13:00:00,Morning
FRA1,2YR01,Friday,08:00:00,13:00:00,Morning
FRA1,3YR14,Friday,08:00:00,13:00:00,Morning
FRA1,5YR27,Friday,08:00:00,13:00:00,Morning
FRA1,2YR16,Friday,08:00:00,13:00:00,Morning
FRP2,1YR02,Friday,13:00:00,18:00:00,Afternoon
FRA1,2YR09,Friday,08:00:00,13:00:00,Morning
FRA1,3YR03,Friday,08:00:00,13:00:00,Morning
FRA1,5YR09,Friday,08:00:00,13:00:00,Morning
FRA1,5YR23,Friday,08:00:00,13:00:00,Morning
FRA1,4YR16,Friday,08:00:00,13:00:00,Morning
FRA1,4YR01,Friday,08:00:00,13:00:00,Morning
FRA1,4YR07,Friday,08:00:00,13:00:00,Morning
FRT2,1YR06,Friday,18:00:00,19:30:00,Twilight Club
FRA1,2YR14,Friday,08:00:00,13:00:00,Morning
FRA1,2YR20,Friday,08:00:00,13:00:00,Morning
FRP2,1YR06,Friday,13:00:00,18:00:00,Afternoon
FRA1,2YR05,Friday,08:00:00,13:00:00,Morning
FRA1,3YR05,Friday,08:00:00,13:00:00,Morning
FRA1,3YR15,Friday,08:00:00,13:00:00,Morning
FRA1,5YR25,Friday,08:00:00,13:00:00,Morning
FRA1,2YR23,Friday,08:00:00,13:00:00,Morning
FRA1,4YR21,Friday,08:00:00,13:00:00,Morning
MOA1,1YR02,Monday,08:00:00,13:00:00,Morning
FRA1,2YR29,Friday,08:00:00,13:00:00,Morning
FRA1,1YR04,Friday,08:00:00,13:00:00,Morning
FRA1,2YR10,Friday,08:00:00,13:00:00,Morning
FRA1,3YR07,Friday,08:00:00,13:00:00,Morning
FRA1,2YR19,Friday,08:00:00,13:00:00,Morning
MOS1,2YR24,Monday,06:30:00,08:00:00,Sunrise Club
FRA1,4YR08,Friday,08:00:00,13:00:00,Morning
FRA1,2YR07,Friday,08:00:00,13:00:00,Morning
FRA1,5YR28,Friday,08:00:00,13:00:00,Morning
FRA1,5YR29,Friday,08:00:00,13:00:00,Morning
FRA1,2YR33,Friday,08:00:00,13:00:00,Morning
FRA1,5YR21,Friday,08:00:00,13:00:00,Morning
FRA1,5YR26,Friday,08:00:00,13:00:00,Morning
FRA1,3YR20,Friday,08:00:00,13:00:00,Morning
FRP2,4YR07,Friday,13:00:00,18:00:00,Afternoon
MOT2,1YR04,Monday,18:00:00,19:30:00,Twilight Club
FRA1,5YR15,Friday,08:00:00,13:00:00,Morning
FRA1,2YR08,Friday,08:00:00,13:00:00,Morning
FRA1,3YR17,Friday,08:00:00,13:00:00,Morning
FRA1,2YR30,Friday,08:00:00,13:00:00,Morning
FRA1,4YR03,Friday,08:00:00,13:00:00,Morning
MOP2,1YR04,Monday,13:00:00,18:00:00,Afternoon
MOS1,1YR02,Monday,06:30:00,08:00:00,Sunrise Club
FRP2,2YR13,Friday,13:00:00,18:00:00,Afternoon
FRA1,4YR20,Friday,08:00:00,13:00:00,Morning
FRA1,2YR17,Friday,08:00:00,13:00:00,Morning
FRA1,3YR09,Friday,08:00:00,13:00:00,Morning
FRA1,2YR26,Friday,08:00:00,13:00:00,Morning
FRA1,4YR19,Friday,08:00:00,13:00:00,Morning
FRA1,5YR20,Friday,08:00:00,13:00:00,Morning
FRA1,3YR21,Friday,08:00:00,13:00:00,Morning
THA1,1YR04,Thursday,08:00:00,13:00:00,Morning
FRA1,4YR15,Friday,08:00:00,13:00:00,Morning
FRP2,3YR15,Friday,13:00:00,18:00:00,Afternoon
FRP2,2YR12,Friday,13:00:00,18:00:00,Afternoon
FRP2,2YR18,Friday,13:00:00,18:00:00,Afternoon
FRA1,5YR24,Friday,08:00:00,13:00:00,Morning
FRS1,2YR14,Friday,06:30:00,08:00:00,Sunrise Club
FRS1,5YR09,Friday,06:30:00,08:00:00,Sunrise Club
FRS1,4YR20,Friday,06:30:00,08:00:00,Sunrise Club
FRS1,3YR17,Friday,06:30:00,08:00:00,Sunrise Club
FRS1,4YR16,Friday,06:30:00,08:00:00,Sunrise Club
FRS1,5YR21,Friday,06:30:00,08:00:00,Sunrise Club
FRS1,4YR07,Friday,06:30:00,08:00:00,Sunrise Club
FRA1,5YR07,Friday,08:00:00,13:00:00,Morning
MOA1,2YR07,Monday,08:00:00,13:00:00,Morning
THS1,1YR04,Thursday,06:30:00,08:00:00,Sunrise Club
FRS1,5YR25,Friday,06:30:00,08:00:00,Sunrise Club
TUA1,1YR04,Tuesday,08:00:00,13:00:00,Morning
FRS1,4YR01,Friday,06:30:00,08:00:00,Sunrise Club
MOS1,2YR07,Monday,06:30:00,08:00:00,Sunrise Club
FRS1,5YR26,Friday,06:30:00,08:00:00,Sunrise Club
FRS1,5YR28,Friday,06:30:00,08:00:00,Sunrise Club
FRS1,2YR07,Friday,06:30:00,08:00:00,Sunrise Club
FRS1,4YR03,Friday,06:30:00,08:00:00,Sunrise Club
FRS1,5YR29,Friday,06:30:00,08:00:00,Sunrise Club
FRS1,2YR05,Friday,06:30:00,08:00:00,Sunrise Club
FRS1,2YR01,Friday,06:30:00,08:00:00,Sunrise Club
FRS1,2YR17,Friday,06:30:00,08:00:00,Sunrise Club
FRS1,2YR16,Friday,06:30:00,08:00:00,Sunrise Club
FRP2,2YR33,Friday,13:00:00,18:00:00,Afternoon
FRA1,2YR27,Friday,08:00:00,13:00:00,Morning
FRS1,4YR21,Friday,06:30:00,08:00:00,Sunrise Club
THT2,1YR06,Thursday,18:00:00,19:30:00,Twilight Club
FRS1,2YR09,Friday,06:30:00,08:00:00,Sunrise Club
FRS1,3YR14,Friday,06:30:00,08:00:00,Sunrise Club
FRS1,3YR15,Friday,06:30:00,08:00:00,Sunrise Club
FRT2,5YR14,Friday,18:00:00,19:30:00,Twilight Club
MOT2,1YR02,Monday,18:00:00,19:30:00,Twilight Club
FRT2,3YR08,Friday,18:00:00,19:30:00,Twilight Club
FRT2,4YR16,Friday,18:00:00,19:30:00,Twilight Club
FRT2,5YR27,Friday,18:00:00,19:30:00,Twilight Club
FRT2,4YR11,Friday,18:00:00,19:30:00,Twilight Club
FRT2,1YR03,Friday,18:00:00,19:30:00,Twilight Club
MOP2,1YR02,Monday,13:00:00,18:00:00,Afternoon
FRT2,5YR23,Friday,18:00:00,19:30:00,Twilight Club
THP2,1YR06,Thursday,13:00:00,18:00:00,Afternoon
FRT2,5YR03,Friday,18:00:00,19:30:00,Twilight Club
FRT2,1YR05,Friday,18:00:00,19:30:00,Twilight Club
FRP2,2YR20,Friday,13:00:00,18:00:00,Afternoon
FRP2,4YR16,Friday,13:00:00,18:00:00,Afternoon
FRP2,2YR16,Friday,13:00:00,18:00:00,Afternoon
SAA1,2YR13,Saturday,08:00:00,14:00:00,Morning
FRP2,3YR03,Friday,13:00:00,18:00:00,Afternoon
FRP2,3YR08,Friday,13:00:00,18:00:00,Afternoon
FRP2,3YR05,Friday,13:00:00,18:00:00,Afternoon
FRP2,4YR21,Friday,13:00:00,18:00:00,Afternoon
FRP2,5YR14,Friday,13:00:00,18:00:00,Afternoon
MOP2,2YR12,Monday,13:00:00,18:00:00,Afternoon
FRP2,4YR10,Friday,13:00:00,18:00:00,Afternoon
THA1,1YR02,Thursday,08:00:00,13:00:00,Morning
FRP2,2YR26,Friday,13:00:00,18:00:00,Afternoon
FRP2,5YR27,Friday,13:00:00,18:00:00,Afternoon
FRP2,1YR03,Friday,13:00:00,18:00:00,Afternoon
FRP2,3YR09,Friday,13:00:00,18:00:00,Afternoon
FRP2,4YR19,Friday,13:00:00,18:00:00,Afternoon
FRP2,5YR23,Friday,13:00:00,18:00:00,Afternoon
FRP2,2YR09,Friday,13:00:00,18:00:00,Afternoon
FRP2,3YR17,Friday,13:00:00,18:00:00,Afternoon
FRP2,5YR19,Friday,13:00:00,18:00:00,Afternoon
SAS1,2YR13,Saturday,06:30:00,08:00:00,Sunrise Club
FRP2,4YR15,Friday,13:00:00,18:00:00,Afternoon
FRP2,4YR20,Friday,13:00:00,18:00:00,Afternoon
FRP2,2YR07,Friday,13:00:00,18:00:00,Afternoon
FRP2,5YR26,Friday,13:00:00,18:00:00,Afternoon
FRP2,2YR31,Friday,13:00:00,18:00:00,Afternoon
FRP2,5YR03,Friday,13:00:00,18:00:00,Afternoon
FRP2,3YR21,Friday,13:00:00,18:00:00,Afternoon
FRP2,2YR01,Friday,13:00:00,18:00:00,Afternoon
FRP2,2YR17,Friday,13:00:00,18:00:00,Afternoon
FRP2,5YR24,Friday,13:00:00,18:00:00,Afternoon
FRP2,1YR05,Friday,13:00:00,18:00:00,Afternoon
TUS1,1YR04,Tuesday,06:30:00,08:00:00,Sunrise Club
FRP2,2YR27,Friday,13:00:00,18:00:00,Afternoon
FRP2,2YR05,Friday,13:00:00,18:00:00,Afternoon
FRP2,2YR30,Friday,13:00:00,18:00:00,Afternoon
THP2,1YR02,Thursday,13:00:00,18:00:00,Afternoon
FRP2,2YR23,Friday,13:00:00,18:00:00,Afternoon
FRA1,3YR24,Friday,08:00:00,13:00:00,Morning
SAA1,2YR33,Saturday,08:00:00,14:00:00,Morning
SAS1,2YR33,Saturday,06:30:00,08:00:00,Sunrise Club
FRA1,2YR39,Friday,08:00:00,13:00:00,Morning
FRS1,2YR39,Friday,06:30:00,08:00:00,Sunrise Club
TUA1,2YR39,Tuesday,08:00:00,13:00:00,Morning
TUS1,2YR39,Tuesday,06:30:00,08:00:00,Sunrise Club
THA1,2YR33,Thursday,08:00:00,13:00:00,Morning
MOA1,2YR12,Monday,08:00:00,13:00:00,Morning
THP2,2YR18,Thursday,13:00:00,18:00:00,Afternoon
MOP2,2YR22,Monday,13:00:00,18:00:00,Afternoon
MOS1,2YR12,Monday,06:30:00,08:00:00,Sunrise Club
MOA1,2YR13,Monday,08:00:00,13:00:00,Morning
MOS1,2YR13,Monday,06:30:00,08:00:00,Sunrise Club
MOA1,2YR14,Monday,08:00:00,13:00:00,Morning
MOS1,2YR14,Monday,06:30:00,08:00:00,Sunrise Club
MOA1,2YR16,Monday,08:00:00,13:00:00,Morning
MOS1,2YR16,Monday,06:30:00,08:00:00,Sunrise Club
SAA1,3YR15,Saturday,08:00:00,14:00:00,Morning
MOS1,2YR20,Monday,06:30:00,08:00:00,Sunrise Club
MOA1,2YR21,Monday,08:00:00,13:00:00,Morning
MOA1,2YR22,Monday,08:00:00,13:00:00,Morning
MOS1,2YR22,Monday,06:30:00,08:00:00,Sunrise Club
MOA1,2YR23,Monday,08:00:00,13:00:00,Morning
MOA1,2YR27,Monday,08:00:00,13:00:00,Morning
THP2,2YR12,Thursday,13:00:00,18:00:00,Afternoon
MOS1,2YR27,Monday,06:30:00,08:00:00,Sunrise Club
MOA1,2YR30,Monday,08:00:00,13:00:00,Morning
THT2,2YR22,Thursday,18:00:00,19:30:00,Twilight Club
TUP2,1YR06,Tuesday,13:00:00,18:00:00,Afternoon
TUP2,1YR04,Tuesday,13:00:00,18:00:00,Afternoon
FRP2,2YR04,Friday,13:00:00,18:00:00,Afternoon
THP2,2YR22,Thursday,13:00:00,18:00:00,Afternoon
MOA1,3YR09,Monday,08:00:00,13:00:00,Morning
WEP2,1YR02,Wednesday,13:00:00,18:00:00,Afternoon
MOS1,3YR09,Monday,06:30:00,08:00:00,Sunrise Club
MOP2,2YR26,Monday,13:00:00,18:00:00,Afternoon
MOA1,3YR12,Monday,08:00:00,13:00:00,Morning
MOA1,3YR17,Monday,08:00:00,13:00:00,Morning
SAS1,3YR15,Saturday,06:30:00,08:00:00,Sunrise Club
MOS1,3YR17,Monday,06:30:00,08:00:00,Sunrise Club
MOA1,3YR18,Monday,08:00:00,13:00:00,Morning
SAA1,2YR04,Saturday,08:00:00,14:00:00,Morning
TUA1,2YR22,Tuesday,08:00:00,13:00:00,Morning
WET2,2YR18,Wednesday,18:00:00,19:30:00,Twilight Club
TUP2,2YR12,Tuesday,13:00:00,18:00:00,Afternoon
MOA1,2YR24,Monday,08:00:00,13:00:00,Morning
MOS1,4YR17,Monday,06:30:00,08:00:00,Sunrise Club
MOA1,4YR18,Monday,08:00:00,13:00:00,Morning
MOS1,4YR18,Monday,06:30:00,08:00:00,Sunrise Club
WEP2,2YR18,Wednesday,13:00:00,18:00:00,Afternoon
MOA1,4YR20,Monday,08:00:00,13:00:00,Morning
MOS1,4YR20,Monday,06:30:00,08:00:00,Sunrise Club
FRT2,3YR18,Friday,18:00:00,19:30:00,Twilight Club
MOA1,5YR03,Monday,08:00:00,13:00:00,Morning
MOS1,5YR03,Monday,06:30:00,08:00:00,Sunrise Club
MOA1,5YR04,Monday,08:00:00,13:00:00,Morning
TUS1,2YR22,Tuesday,06:30:00,08:00:00,Sunrise Club
MOT2,2YR06,Monday,18:00:00,19:30:00,Twilight Club
SAS1,2YR04,Saturday,06:30:00,08:00:00,Sunrise Club
THA1,2YR02,Thursday,08:00:00,13:00:00,Morning
MOT2,2YR17,Monday,18:00:00,19:30:00,Twilight Club
MOT2,5YR20,Monday,18:00:00,19:30:00,Twilight Club
MOT2,2YR20,Monday,18:00:00,19:30:00,Twilight Club
MOT2,3YR03,Monday,18:00:00,19:30:00,Twilight Club
MOT2,2YR14,Monday,18:00:00,19:30:00,Twilight Club
MOT2,3YR21,Monday,18:00:00,19:30:00,Twilight Club
TUP2,2YR13,Tuesday,13:00:00,18:00:00,Afternoon
SAA1,2YR24,Saturday,08:00:00,14:00:00,Morning
MOT2,2YR08,Monday,18:00:00,19:30:00,Twilight Club
WEP2,2YR12,Wednesday,13:00:00,18:00:00,Afternoon
MOP2,2YR34,Monday,13:00:00,18:00:00,Afternoon
MOP2,4YR21,Monday,13:00:00,18:00:00,Afternoon
MOP2,2YR17,Monday,13:00:00,18:00:00,Afternoon
MOP2,2YR32,Monday,13:00:00,18:00:00,Afternoon
MOP2,5YR27,Monday,13:00:00,18:00:00,Afternoon
MOP2,2YR14,Monday,13:00:00,18:00:00,Afternoon
MOP2,5YR20,Monday,13:00:00,18:00:00,Afternoon
MOP2,4YR16,Monday,13:00:00,18:00:00,Afternoon
MOP2,5YR24,Monday,13:00:00,18:00:00,Afternoon
MOP2,3YR21,Monday,13:00:00,18:00:00,Afternoon
MOP2,4YR10,Monday,13:00:00,18:00:00,Afternoon
MOP2,5YR29,Monday,13:00:00,18:00:00,Afternoon
MOP2,2YR21,Monday,13:00:00,18:00:00,Afternoon
WEA1,2YR04,Wednesday,08:00:00,13:00:00,Morning
MOP2,3YR09,Monday,13:00:00,18:00:00,Afternoon
MOP2,2YR07,Monday,13:00:00,18:00:00,Afternoon
MOA1,5YR07,Monday,08:00:00,13:00:00,Morning
WES1,2YR04,Wednesday,06:30:00,08:00:00,Sunrise Club
MOP2,2YR23,Monday,13:00:00,18:00:00,Afternoon
MOP2,2YR06,Monday,13:00:00,18:00:00,Afternoon
THA1,3YR22,Thursday,08:00:00,13:00:00,Morning
MOP2,1YR05,Monday,13:00:00,18:00:00,Afternoon
MOP2,2YR09,Monday,13:00:00,18:00:00,Afternoon
SAA1,3YR12,Saturday,08:00:00,14:00:00,Morning
MOP2,2YR01,Monday,13:00:00,18:00:00,Afternoon
MOP2,2YR27,Monday,13:00:00,18:00:00,Afternoon
MOP2,5YR10,Monday,13:00:00,18:00:00,Afternoon
MOP2,4YR09,Monday,13:00:00,18:00:00,Afternoon
MOP2,2YR20,Monday,13:00:00,18:00:00,Afternoon
MOP2,3YR03,Monday,13:00:00,18:00:00,Afternoon
MOP2,5YR03,Monday,13:00:00,18:00:00,Afternoon
FRP2,3YR18,Friday,13:00:00,18:00:00,Afternoon
MOP2,2YR29,Monday,13:00:00,18:00:00,Afternoon
TUP2,2YR02,Tuesday,13:00:00,18:00:00,Afternoon
WEA1,2YR02,Wednesday,08:00:00,13:00:00,Morning
MOP2,2YR08,Monday,13:00:00,18:00:00,Afternoon
WEA1,2YR06,Wednesday,08:00:00,13:00:00,Morning
MOP2,5YR07,Monday,13:00:00,18:00:00,Afternoon
WEA1,2YR13,Wednesday,08:00:00,13:00:00,Morning
MOP2,4YR20,Monday,13:00:00,18:00:00,Afternoon
MOP2,4YR15,Monday,13:00:00,18:00:00,Afternoon
MOP2,4YR08,Monday,13:00:00,18:00:00,Afternoon
SAS1,2YR24,Saturday,06:30:00,08:00:00,Sunrise Club
SAA1,2YR34,Saturday,08:00:00,14:00:00,Morning
THS1,2YR33,Thursday,06:30:00,08:00:00,Sunrise Club
SAA1,4YR07,Saturday,08:00:00,14:00:00,Morning
FRA1,3YR04,Friday,08:00:00,13:00:00,Morning
SAA1,2YR15,Saturday,08:00:00,14:00:00,Morning
SAA1,2YR16,Saturday,08:00:00,14:00:00,Morning
SAA1,1YR07,Saturday,08:00:00,14:00:00,Morning
MOP2,3YR18,Monday,13:00:00,18:00:00,Afternoon
SAA1,4YR01,Saturday,08:00:00,14:00:00,Morning
SAA1,5YR15,Saturday,08:00:00,14:00:00,Morning
THA1,3YR18,Thursday,08:00:00,13:00:00,Morning
TUA1,3YR12,Tuesday,08:00:00,13:00:00,Morning
SAA1,4YR20,Saturday,08:00:00,14:00:00,Morning
SAA1,4YR21,Saturday,08:00:00,14:00:00,Morning
SAA1,3YR10,Saturday,08:00:00,14:00:00,Morning
SAA1,5YR29,Saturday,08:00:00,14:00:00,Morning
SAA1,1YR01,Saturday,08:00:00,14:00:00,Morning
THS1,3YR18,Thursday,06:30:00,08:00:00,Sunrise Club
WES1,2YR02,Wednesday,06:30:00,08:00:00,Sunrise Club
WES1,2YR13,Wednesday,06:30:00,08:00:00,Sunrise Club
TUA1,3YR22,Tuesday,08:00:00,13:00:00,Morning
SAA1,2YR07,Saturday,08:00:00,14:00:00,Morning
FRA1,3YR13,Friday,08:00:00,13:00:00,Morning
SAA1,2YR28,Saturday,08:00:00,14:00:00,Morning
WEA1,3YR12,Wednesday,08:00:00,13:00:00,Morning
SAA1,4YR11,Saturday,08:00:00,14:00:00,Morning
SAA1,5YR23,Saturday,08:00:00,14:00:00,Morning
SAA1,5YR26,Saturday,08:00:00,14:00:00,Morning
SAA1,5YR25,Saturday,08:00:00,14:00:00,Morning
SAA1,2YR20,Saturday,08:00:00,14:00:00,Morning
SAA1,3YR08,Saturday,08:00:00,14:00:00,Morning
SAA1,5YR21,Saturday,08:00:00,14:00:00,Morning
SAA1,5YR28,Saturday,08:00:00,14:00:00,Morning
SAA1,2YR17,Saturday,08:00:00,14:00:00,Morning
SAA1,4YR09,Saturday,08:00:00,14:00:00,Morning
SAA1,1YR05,Saturday,08:00:00,14:00:00,Morning
SAA1,2YR05,Saturday,08:00:00,14:00:00,Morning
SAA1,4YR10,Saturday,08:00:00,14:00:00,Morning
SAA1,5YR05,Saturday,08:00:00,14:00:00,Morning
SAA1,2YR11,Saturday,08:00:00,14:00:00,Morning
SAA1,5YR14,Saturday,08:00:00,14:00:00,Morning
SAA1,3YR09,Saturday,08:00:00,14:00:00,Morning
FRS1,3YR04,Friday,06:30:00,08:00:00,Sunrise Club
FRA1,4YR12,Friday,08:00:00,13:00:00,Morning
MOA1,5YR14,Monday,08:00:00,13:00:00,Morning
SAA1,2YR01,Saturday,08:00:00,14:00:00,Morning
SAA1,2YR21,Saturday,08:00:00,14:00:00,Morning
SAA1,4YR15,Saturday,08:00:00,14:00:00,Morning
SAA1,3YR05,Saturday,08:00:00,14:00:00,Morning
SAA1,2YR19,Saturday,08:00:00,14:00:00,Morning
SAA1,5YR03,Saturday,08:00:00,14:00:00,Morning
SAA1,2YR09,Saturday,08:00:00,14:00:00,Morning
SAS1,5YR25,Saturday,06:30:00,08:00:00,Sunrise Club
SAS1,2YR28,Saturday,06:30:00,08:00:00,Sunrise Club
SAS1,3YR10,Saturday,06:30:00,08:00:00,Sunrise Club
SAS1,2YR07,Saturday,06:30:00,08:00:00,Sunrise Club
SAS1,4YR20,Saturday,06:30:00,08:00:00,Sunrise Club
SAS1,2YR20,Saturday,06:30:00,08:00:00,Sunrise Club
TUA1,2YR34,Tuesday,08:00:00,13:00:00,Morning
SAS1,1YR05,Saturday,06:30:00,08:00:00,Sunrise Club
SAS1,4YR11,Saturday,06:30:00,08:00:00,Sunrise Club
SAS1,2YR01,Saturday,06:30:00,08:00:00,Sunrise Club
MOS1,5YR14,Monday,06:30:00,08:00:00,Sunrise Club
SAS1,5YR03,Saturday,06:30:00,08:00:00,Sunrise Club
SAS1,1YR01,Saturday,06:30:00,08:00:00,Sunrise Club
SAS1,2YR16,Saturday,06:30:00,08:00:00,Sunrise Club
SAS1,5YR21,Saturday,06:30:00,08:00:00,Sunrise Club
SAS1,5YR28,Saturday,06:30:00,08:00:00,Sunrise Club
THA1,2YR32,Thursday,08:00:00,13:00:00,Morning
MOT2,3YR02,Monday,18:00:00,19:30:00,Twilight Club
SAA1,3YR04,Saturday,08:00:00,14:00:00,Morning
SAS1,5YR26,Saturday,06:30:00,08:00:00,Sunrise Club
SAS1,3YR04,Saturday,06:30:00,08:00:00,Sunrise Club
THS1,2YR32,Thursday,06:30:00,08:00:00,Sunrise Club
SAS1,4YR01,Saturday,06:30:00,08:00:00,Sunrise Club
SAS1,3YR09,Saturday,06:30:00,08:00:00,Sunrise Club
SAS1,5YR27,Saturday,06:30:00,08:00:00,Sunrise Club
SAS1,2YR21,Saturday,06:30:00,08:00:00,Sunrise Club
SAS1,5YR29,Saturday,06:30:00,08:00:00,Sunrise Club
MOT2,4YR12,Monday,18:00:00,19:30:00,Twilight Club
SAA1,5YR27,Saturday,08:00:00,14:00:00,Morning
WEP2,2YR06,Wednesday,13:00:00,18:00:00,Afternoon
SAS1,1YR07,Saturday,06:30:00,08:00:00,Sunrise Club
SAS1,2YR11,Saturday,06:30:00,08:00:00,Sunrise Club
SAS1,5YR15,Saturday,06:30:00,08:00:00,Sunrise Club
SAS1,4YR15,Saturday,06:30:00,08:00:00,Sunrise Club
WEA1,2YR24,Wednesday,08:00:00,13:00:00,Morning
SAA1,3YR24,Saturday,08:00:00,14:00:00,Morning
WEP2,3YR15,Wednesday,13:00:00,18:00:00,Afternoon
FRA1,5YR11,Friday,08:00:00,13:00:00,Morning
SAS1,3YR24,Saturday,06:30:00,08:00:00,Sunrise Club
THA1,3YR24,Thursday,08:00:00,13:00:00,Morning
WEA1,2YR33,Wednesday,08:00:00,13:00:00,Morning
FRA1,3YR19,Friday,08:00:00,13:00:00,Morning
MOP2,4YR12,Monday,13:00:00,18:00:00,Afternoon
THA1,3YR17,Thursday,08:00:00,13:00:00,Morning
THA1,2YR16,Thursday,08:00:00,13:00:00,Morning
MOP2,3YR02,Monday,13:00:00,18:00:00,Afternoon
THA1,2YR14,Thursday,08:00:00,13:00:00,Morning
THA1,4YR15,Thursday,08:00:00,13:00:00,Morning
TUP2,3YR13,Tuesday,13:00:00,18:00:00,Afternoon
THA1,3YR02,Thursday,08:00:00,13:00:00,Morning
FRS1,5YR11,Friday,06:30:00,08:00:00,Sunrise Club
THA1,2YR08,Thursday,08:00:00,13:00:00,Morning
THA1,4YR08,Thursday,08:00:00,13:00:00,Morning
THA1,4YR20,Thursday,08:00:00,13:00:00,Morning
THA1,5YR20,Thursday,08:00:00,13:00:00,Morning
THA1,5YR05,Thursday,08:00:00,13:00:00,Morning
THA1,5YR27,Thursday,08:00:00,13:00:00,Morning
THA1,5YR29,Thursday,08:00:00,13:00:00,Morning
THA1,2YR11,Thursday,08:00:00,13:00:00,Morning
THA1,5YR28,Thursday,08:00:00,13:00:00,Morning
FRP2,5YR11,Friday,13:00:00,18:00:00,Afternoon
THA1,5YR14,Thursday,08:00:00,13:00:00,Morning
THA1,5YR26,Thursday,08:00:00,13:00:00,Morning
TUA1,3YR04,Tuesday,08:00:00,13:00:00,Morning
THA1,2YR25,Thursday,08:00:00,13:00:00,Morning
THA1,4YR21,Thursday,08:00:00,13:00:00,Morning
THA1,5YR09,Thursday,08:00:00,13:00:00,Morning
THA1,5YR23,Thursday,08:00:00,13:00:00,Morning
THA1,5YR24,Thursday,08:00:00,13:00:00,Morning
THA1,1YR07,Thursday,08:00:00,13:00:00,Morning
THA1,2YR07,Thursday,08:00:00,13:00:00,Morning
TUT2,2YR26,Tuesday,18:00:00,19:30:00,Twilight Club
THA1,2YR21,Thursday,08:00:00,13:00:00,Morning
TUT2,3YR18,Tuesday,18:00:00,19:30:00,Twilight Club
THA1,3YR05,Thursday,08:00:00,13:00:00,Morning
THA1,2YR31,Thursday,08:00:00,13:00:00,Morning
THA1,4YR03,Thursday,08:00:00,13:00:00,Morning
THA1,2YR17,Thursday,08:00:00,13:00:00,Morning
THS1,3YR24,Thursday,06:30:00,08:00:00,Sunrise Club
THA1,4YR19,Thursday,08:00:00,13:00:00,Morning
TUP2,3YR18,Tuesday,13:00:00,18:00:00,Afternoon
THA1,4YR11,Thursday,08:00:00,13:00:00,Morning
THA1,4YR17,Thursday,08:00:00,13:00:00,Morning
THA1,2YR03,Thursday,08:00:00,13:00:00,Morning
THA1,4YR16,Thursday,08:00:00,13:00:00,Morning
THA1,3YR21,Thursday,08:00:00,13:00:00,Morning
THA1,3YR08,Thursday,08:00:00,13:00:00,Morning
THA1,2YR09,Thursday,08:00:00,13:00:00,Morning
THA1,3YR10,Thursday,08:00:00,13:00:00,Morning
TUS1,3YR04,Tuesday,06:30:00,08:00:00,Sunrise Club
THA1,2YR10,Thursday,08:00:00,13:00:00,Morning
THA1,5YR15,Thursday,08:00:00,13:00:00,Morning
THA1,2YR19,Thursday,08:00:00,13:00:00,Morning
THA1,2YR30,Thursday,08:00:00,13:00:00,Morning
WEA1,3YR22,Wednesday,08:00:00,13:00:00,Morning
THA1,4YR10,Thursday,08:00:00,13:00:00,Morning
MOP2,3YR06,Monday,13:00:00,18:00:00,Afternoon
THA1,4YR07,Thursday,08:00:00,13:00:00,Morning
THA1,5YR10,Thursday,08:00:00,13:00:00,Morning
THA1,2YR23,Thursday,08:00:00,13:00:00,Morning
THA1,4YR09,Thursday,08:00:00,13:00:00,Morning
THS1,5YR23,Thursday,06:30:00,08:00:00,Sunrise Club
THA1,3YR06,Thursday,08:00:00,13:00:00,Morning
WEA1,3YR24,Wednesday,08:00:00,13:00:00,Morning
THS1,4YR10,Thursday,06:30:00,08:00:00,Sunrise Club
THA1,4YR12,Thursday,08:00:00,13:00:00,Morning
THS1,2YR16,Thursday,06:30:00,08:00:00,Sunrise Club
WET2,3YR13,Wednesday,18:00:00,19:30:00,Twilight Club
FRA1,4YR04,Friday,08:00:00,13:00:00,Morning
THS1,2YR03,Thursday,06:30:00,08:00:00,Sunrise Club
FRA1,4YR18,Friday,08:00:00,13:00:00,Morning
THS1,5YR27,Thursday,06:30:00,08:00:00,Sunrise Club
FRP2,3YR19,Friday,13:00:00,18:00:00,Afternoon
THS1,4YR16,Thursday,06:30:00,08:00:00,Sunrise Club
THS1,5YR28,Thursday,06:30:00,08:00:00,Sunrise Club
THS1,3YR05,Thursday,06:30:00,08:00:00,Sunrise Club
WEP2,3YR13,Wednesday,13:00:00,18:00:00,Afternoon
FRA1,4YR13,Friday,08:00:00,13:00:00,Morning
THS1,3YR10,Thursday,06:30:00,08:00:00,Sunrise Club
THS1,4YR03,Thursday,06:30:00,08:00:00,Sunrise Club
THS1,2YR08,Thursday,06:30:00,08:00:00,Sunrise Club
THS1,3YR06,Thursday,06:30:00,08:00:00,Sunrise Club
THS1,4YR17,Thursday,06:30:00,08:00:00,Sunrise Club
THS1,2YR23,Thursday,06:30:00,08:00:00,Sunrise Club
THS1,4YR08,Thursday,06:30:00,08:00:00,Sunrise Club
THS1,5YR15,Thursday,06:30:00,08:00:00,Sunrise Club
THS1,4YR15,Thursday,06:30:00,08:00:00,Sunrise Club
THS1,4YR09,Thursday,06:30:00,08:00:00,Sunrise Club
THS1,5YR24,Thursday,06:30:00,08:00:00,Sunrise Club
THS1,2YR14,Thursday,06:30:00,08:00:00,Sunrise Club
THS1,5YR09,Thursday,06:30:00,08:00:00,Sunrise Club
THS1,4YR20,Thursday,06:30:00,08:00:00,Sunrise Club
THS1,4YR12,Thursday,06:30:00,08:00:00,Sunrise Club
THT2,2YR15,Thursday,18:00:00,19:30:00,Twilight Club
TUT2,3YR02,Tuesday,18:00:00,19:30:00,Twilight Club
THT2,4YR16,Thursday,18:00:00,19:30:00,Twilight Club
THT2,5YR17,Thursday,18:00:00,19:30:00,Twilight Club
THT2,3YR07,Thursday,18:00:00,19:30:00,Twilight Club
THT2,3YR03,Thursday,18:00:00,19:30:00,Twilight Club
THT2,3YR09,Thursday,18:00:00,19:30:00,Twilight Club
WET2,3YR06,Wednesday,18:00:00,19:30:00,Twilight Club
THT2,2YR27,Thursday,18:00:00,19:30:00,Twilight Club
THT2,3YR14,Thursday,18:00:00,19:30:00,Twilight Club
THT2,3YR08,Thursday,18:00:00,19:30:00,Twilight Club
THT2,5YR05,Thursday,18:00:00,19:30:00,Twilight Club
FRS1,4YR04,Friday,06:30:00,08:00:00,Sunrise Club
THT2,1YR05,Thursday,18:00:00,19:30:00,Twilight Club
THP2,2YR27,Thursday,13:00:00,18:00:00,Afternoon
WEP2,2YR32,Wednesday,13:00:00,18:00:00,Afternoon
FRA1,4YR05,Friday,08:00:00,13:00:00,Morning
THP2,5YR20,Thursday,13:00:00,18:00:00,Afternoon
SAA1,5YR11,Saturday,08:00:00,14:00:00,Morning
THP2,2YR11,Thursday,13:00:00,18:00:00,Afternoon
THP2,2YR03,Thursday,13:00:00,18:00:00,Afternoon
THP2,5YR19,Thursday,13:00:00,18:00:00,Afternoon
THP2,3YR14,Thursday,13:00:00,18:00:00,Afternoon
THP2,5YR27,Thursday,13:00:00,18:00:00,Afternoon
THP2,3YR03,Thursday,13:00:00,18:00:00,Afternoon
TUP2,3YR02,Tuesday,13:00:00,18:00:00,Afternoon
MOP2,4YR04,Monday,13:00:00,18:00:00,Afternoon
WEP2,3YR06,Wednesday,13:00:00,18:00:00,Afternoon
THP2,2YR30,Thursday,13:00:00,18:00:00,Afternoon
THP2,3YR09,Thursday,13:00:00,18:00:00,Afternoon
THP2,3YR17,Thursday,13:00:00,18:00:00,Afternoon
SAA1,4YR22,Saturday,08:00:00,14:00:00,Morning
THP2,2YR31,Thursday,13:00:00,18:00:00,Afternoon
THP2,2YR25,Thursday,13:00:00,18:00:00,Afternoon
THP2,3YR07,Thursday,13:00:00,18:00:00,Afternoon
THP2,5YR25,Thursday,13:00:00,18:00:00,Afternoon
THP2,2YR05,Thursday,13:00:00,18:00:00,Afternoon
THP2,5YR05,Thursday,13:00:00,18:00:00,Afternoon
THP2,5YR23,Thursday,13:00:00,18:00:00,Afternoon
THP2,5YR26,Thursday,13:00:00,18:00:00,Afternoon
THP2,1YR05,Thursday,13:00:00,18:00:00,Afternoon
TUP2,2YR26,Tuesday,13:00:00,18:00:00,Afternoon
MOA1,5YR19,Monday,08:00:00,13:00:00,Morning
THP2,4YR07,Thursday,13:00:00,18:00:00,Afternoon
THP2,4YR16,Thursday,13:00:00,18:00:00,Afternoon
THP2,2YR15,Thursday,13:00:00,18:00:00,Afternoon
THP2,2YR21,Thursday,13:00:00,18:00:00,Afternoon
THP2,4YR20,Thursday,13:00:00,18:00:00,Afternoon
THP2,3YR08,Thursday,13:00:00,18:00:00,Afternoon
THP2,2YR07,Thursday,13:00:00,18:00:00,Afternoon
THP2,5YR17,Thursday,13:00:00,18:00:00,Afternoon
SAA1,4YR05,Saturday,08:00:00,14:00:00,Morning
SAS1,5YR11,Saturday,06:30:00,08:00:00,Sunrise Club
TUA1,3YR11,Tuesday,08:00:00,13:00:00,Morning
WEA1,3YR11,Wednesday,08:00:00,13:00:00,Morning
SAS1,4YR05,Saturday,06:30:00,08:00:00,Sunrise Club
THA1,4YR05,Thursday,08:00:00,13:00:00,Morning
SAA1,3YR19,Saturday,08:00:00,14:00:00,Morning
TUA1,2YR31,Tuesday,08:00:00,13:00:00,Morning
TUA1,2YR10,Tuesday,08:00:00,13:00:00,Morning
TUA1,2YR11,Tuesday,08:00:00,13:00:00,Morning
TUA1,5YR21,Tuesday,08:00:00,13:00:00,Morning
TUA1,5YR26,Tuesday,08:00:00,13:00:00,Morning
TUA1,3YR17,Tuesday,08:00:00,13:00:00,Morning
TUA1,5YR28,Tuesday,08:00:00,13:00:00,Morning
WEP2,4YR12,Wednesday,13:00:00,18:00:00,Afternoon
THP2,4YR22,Thursday,13:00:00,18:00:00,Afternoon
TUA1,3YR07,Tuesday,08:00:00,13:00:00,Morning
TUA1,2YR21,Tuesday,08:00:00,13:00:00,Morning
WET2,2YR32,Wednesday,18:00:00,19:30:00,Twilight Club
TUA1,1YR03,Tuesday,08:00:00,13:00:00,Morning
TUA1,3YR14,Tuesday,08:00:00,13:00:00,Morning
TUA1,4YR16,Tuesday,08:00:00,13:00:00,Morning
TUA1,5YR10,Tuesday,08:00:00,13:00:00,Morning
TUA1,2YR03,Tuesday,08:00:00,13:00:00,Morning
TUA1,2YR25,Tuesday,08:00:00,13:00:00,Morning
TUA1,2YR01,Tuesday,08:00:00,13:00:00,Morning
TUA1,3YR09,Tuesday,08:00:00,13:00:00,Morning
TUA1,5YR19,Tuesday,08:00:00,13:00:00,Morning
TUA1,2YR05,Tuesday,08:00:00,13:00:00,Morning
TUA1,5YR07,Tuesday,08:00:00,13:00:00,Morning
FRT2,4YR02,Friday,18:00:00,19:30:00,Twilight Club
SAA1,4YR04,Saturday,08:00:00,14:00:00,Morning
THT2,4YR04,Thursday,18:00:00,19:30:00,Twilight Club
TUA1,2YR19,Tuesday,08:00:00,13:00:00,Morning
TUA1,1YR05,Tuesday,08:00:00,13:00:00,Morning
TUA1,2YR08,Tuesday,08:00:00,13:00:00,Morning
TUA1,4YR19,Tuesday,08:00:00,13:00:00,Morning
TUA1,5YR17,Tuesday,08:00:00,13:00:00,Morning
TUA1,2YR30,Tuesday,08:00:00,13:00:00,Morning
TUA1,4YR18,Tuesday,08:00:00,13:00:00,Morning
TUA1,4YR09,Tuesday,08:00:00,13:00:00,Morning
TUA1,5YR27,Tuesday,08:00:00,13:00:00,Morning
TUA1,5YR20,Tuesday,08:00:00,13:00:00,Morning
SAS1,3YR19,Saturday,06:30:00,08:00:00,Sunrise Club
TUA1,4YR03,Tuesday,08:00:00,13:00:00,Morning
MOS1,5YR08,Monday,06:30:00,08:00:00,Sunrise Club
TUA1,5YR25,Tuesday,08:00:00,13:00:00,Morning
TUA1,4YR11,Tuesday,08:00:00,13:00:00,Morning
THP2,4YR04,Thursday,13:00:00,18:00:00,Afternoon
TUA1,4YR20,Tuesday,08:00:00,13:00:00,Morning
TUA1,2YR14,Tuesday,08:00:00,13:00:00,Morning
THA1,4YR13,Thursday,08:00:00,13:00:00,Morning
WET2,2YR34,Wednesday,18:00:00,19:30:00,Twilight Club
FRP2,4YR02,Friday,13:00:00,18:00:00,Afternoon
TUA1,2YR15,Tuesday,08:00:00,13:00:00,Morning
WES1,3YR11,Wednesday,06:30:00,08:00:00,Sunrise Club
TUA1,2YR28,Tuesday,08:00:00,13:00:00,Morning
TUP2,4YR22,Tuesday,13:00:00,18:00:00,Afternoon
THA1,3YR19,Thursday,08:00:00,13:00:00,Morning
TUA1,4YR04,Tuesday,08:00:00,13:00:00,Morning
TUA1,3YR21,Tuesday,08:00:00,13:00:00,Morning
TUP2,2YR30,Tuesday,13:00:00,18:00:00,Afternoon
TUP2,3YR20,Tuesday,13:00:00,18:00:00,Afternoon
TUA1,2YR16,Tuesday,08:00:00,13:00:00,Morning
TUA1,4YR15,Tuesday,08:00:00,13:00:00,Morning
TUA1,4YR07,Tuesday,08:00:00,13:00:00,Morning
TUA1,5YR23,Tuesday,08:00:00,13:00:00,Morning
TUA1,5YR09,Tuesday,08:00:00,13:00:00,Morning
TUS1,2YR25,Tuesday,06:30:00,08:00:00,Sunrise Club
TUS1,2YR28,Tuesday,06:30:00,08:00:00,Sunrise Club
WEA1,3YR20,Wednesday,08:00:00,13:00:00,Morning
FRP2,5YR12,Friday,13:00:00,18:00:00,Afternoon
TUS1,5YR21,Tuesday,06:30:00,08:00:00,Sunrise Club
FRP2,4YR06,Friday,13:00:00,18:00:00,Afternoon
TUS1,2YR15,Tuesday,06:30:00,08:00:00,Sunrise Club
TUS1,4YR20,Tuesday,06:30:00,08:00:00,Sunrise Club
MOT2,4YR02,Monday,18:00:00,19:30:00,Twilight Club
TUS1,2YR05,Tuesday,06:30:00,08:00:00,Sunrise Club
MOP2,4YR02,Monday,13:00:00,18:00:00,Afternoon
TUS1,3YR09,Tuesday,06:30:00,08:00:00,Sunrise Club
TUS1,5YR07,Tuesday,06:30:00,08:00:00,Sunrise Club
WEP2,4YR18,Wednesday,13:00:00,18:00:00,Afternoon
TUS1,4YR04,Tuesday,06:30:00,08:00:00,Sunrise Club
TUS1,1YR05,Tuesday,06:30:00,08:00:00,Sunrise Club
WEA1,4YR22,Wednesday,08:00:00,13:00:00,Morning
THS1,3YR19,Thursday,06:30:00,08:00:00,Sunrise Club
WEP2,4YR22,Wednesday,13:00:00,18:00:00,Afternoon
TUS1,3YR17,Tuesday,06:30:00,08:00:00,Sunrise Club
TUS1,2YR16,Tuesday,06:30:00,08:00:00,Sunrise Club
TUP2,4YR04,Tuesday,13:00:00,18:00:00,Afternoon
TUS1,3YR21,Tuesday,06:30:00,08:00:00,Sunrise Club
TUS1,2YR31,Tuesday,06:30:00,08:00:00,Sunrise Club
FRA1,5YR04,Friday,08:00:00,13:00:00,Morning
TUS1,4YR15,Tuesday,06:30:00,08:00:00,Sunrise Club
TUS1,4YR16,Tuesday,06:30:00,08:00:00,Sunrise Club
TUS1,4YR19,Tuesday,06:30:00,08:00:00,Sunrise Club
TUS1,5YR20,Tuesday,06:30:00,08:00:00,Sunrise Club
TUS1,2YR03,Tuesday,06:30:00,08:00:00,Sunrise Club
TUS1,3YR14,Tuesday,06:30:00,08:00:00,Sunrise Club
TUS1,4YR03,Tuesday,06:30:00,08:00:00,Sunrise Club
TUT2,2YR29,Tuesday,18:00:00,19:30:00,Twilight Club
TUT2,2YR23,Tuesday,18:00:00,19:30:00,Twilight Club
TUT2,4YR08,Tuesday,18:00:00,19:30:00,Twilight Club
TUT2,4YR01,Tuesday,18:00:00,19:30:00,Twilight Club
TUT2,4YR21,Tuesday,18:00:00,19:30:00,Twilight Club
TUT2,5YR05,Tuesday,18:00:00,19:30:00,Twilight Club
TUT2,1YR07,Tuesday,18:00:00,19:30:00,Twilight Club
TUT2,4YR07,Tuesday,18:00:00,19:30:00,Twilight Club
TUT2,4YR17,Tuesday,18:00:00,19:30:00,Twilight Club
TUT2,5YR14,Tuesday,18:00:00,19:30:00,Twilight Club
TUT2,2YR30,Tuesday,18:00:00,19:30:00,Twilight Club
THA1,4YR06,Thursday,08:00:00,13:00:00,Morning
TUT2,5YR15,Tuesday,18:00:00,19:30:00,Twilight Club
TUT2,4YR09,Tuesday,18:00:00,19:30:00,Twilight Club
TUS1,2YR01,Tuesday,06:30:00,08:00:00,Sunrise Club
MOP2,5YR12,Monday,13:00:00,18:00:00,Afternoon
TUP2,4YR21,Tuesday,13:00:00,18:00:00,Afternoon
TUP2,4YR01,Tuesday,13:00:00,18:00:00,Afternoon
TUT2,4YR13,Tuesday,18:00:00,19:30:00,Twilight Club
TUP2,2YR16,Tuesday,13:00:00,18:00:00,Afternoon
TUP2,4YR20,Tuesday,13:00:00,18:00:00,Afternoon
THT2,4YR02,Thursday,18:00:00,19:30:00,Twilight Club
TUP2,5YR14,Tuesday,13:00:00,18:00:00,Afternoon
TUP2,2YR08,Tuesday,13:00:00,18:00:00,Afternoon
THP2,4YR02,Thursday,13:00:00,18:00:00,Afternoon
TUP2,2YR21,Tuesday,13:00:00,18:00:00,Afternoon
TUP2,5YR20,Tuesday,13:00:00,18:00:00,Afternoon
TUP2,2YR17,Tuesday,13:00:00,18:00:00,Afternoon
TUP2,3YR07,Tuesday,13:00:00,18:00:00,Afternoon
TUP2,5YR09,Tuesday,13:00:00,18:00:00,Afternoon
TUP2,2YR05,Tuesday,13:00:00,18:00:00,Afternoon
MOA1,5YR08,Monday,08:00:00,13:00:00,Morning
TUP2,5YR25,Tuesday,13:00:00,18:00:00,Afternoon
TUP2,2YR29,Tuesday,13:00:00,18:00:00,Afternoon
TUP2,5YR05,Tuesday,13:00:00,18:00:00,Afternoon
TUP2,4YR15,Tuesday,13:00:00,18:00:00,Afternoon
TUP2,4YR17,Tuesday,13:00:00,18:00:00,Afternoon
MOP2,5YR22,Monday,13:00:00,18:00:00,Afternoon
WEP2,2YR34,Wednesday,13:00:00,18:00:00,Afternoon
TUP2,4YR03,Tuesday,13:00:00,18:00:00,Afternoon
TUP2,5YR24,Tuesday,13:00:00,18:00:00,Afternoon
TUP2,1YR07,Tuesday,13:00:00,18:00:00,Afternoon
TUP2,4YR09,Tuesday,13:00:00,18:00:00,Afternoon
TUP2,5YR17,Tuesday,13:00:00,18:00:00,Afternoon
TUP2,1YR03,Tuesday,13:00:00,18:00:00,Afternoon
TUP2,2YR11,Tuesday,13:00:00,18:00:00,Afternoon
THA1,5YR04,Thursday,08:00:00,13:00:00,Morning
TUP2,2YR20,Tuesday,13:00:00,18:00:00,Afternoon
TUP2,2YR27,Tuesday,13:00:00,18:00:00,Afternoon
TUP2,4YR07,Tuesday,13:00:00,18:00:00,Afternoon
TUP2,5YR07,Tuesday,13:00:00,18:00:00,Afternoon
TUP2,5YR10,Tuesday,13:00:00,18:00:00,Afternoon
TUP2,4YR08,Tuesday,13:00:00,18:00:00,Afternoon
TUP2,5YR15,Tuesday,13:00:00,18:00:00,Afternoon
TUP2,2YR23,Tuesday,13:00:00,18:00:00,Afternoon
TUP2,2YR28,Tuesday,13:00:00,18:00:00,Afternoon
TUP2,4YR13,Tuesday,13:00:00,18:00:00,Afternoon
TUP2,5YR23,Tuesday,13:00:00,18:00:00,Afternoon
WEP2,3YR20,Wednesday,13:00:00,18:00:00,Afternoon
FRA1,3YR16,Friday,08:00:00,13:00:00,Morning
WEA1,2YR39,Wednesday,08:00:00,13:00:00,Morning
WEP2,2YR39,Wednesday,13:00:00,18:00:00,Afternoon
FRA1,3YR23,Friday,08:00:00,13:00:00,Morning
FRS1,3YR23,Friday,06:30:00,08:00:00,Sunrise Club
WEP2,4YR08,Wednesday,13:00:00,18:00:00,Afternoon
WEA1,3YR14,Wednesday,08:00:00,13:00:00,Morning
WEA1,2YR29,Wednesday,08:00:00,13:00:00,Morning
WEA1,1YR07,Wednesday,08:00:00,13:00:00,Morning
WEA1,3YR17,Wednesday,08:00:00,13:00:00,Morning
WEA1,2YR07,Wednesday,08:00:00,13:00:00,Morning
WEA1,5YR29,Wednesday,08:00:00,13:00:00,Morning
WEA1,5YR21,Wednesday,08:00:00,13:00:00,Morning
FRP2,3YR16,Friday,13:00:00,18:00:00,Afternoon
SAA1,5YR08,Saturday,08:00:00,14:00:00,Morning
WEA1,3YR03,Wednesday,08:00:00,13:00:00,Morning
WEA1,2YR31,Wednesday,08:00:00,13:00:00,Morning
WEA1,4YR11,Wednesday,08:00:00,13:00:00,Morning
THA1,4YR14,Thursday,08:00:00,13:00:00,Morning
FRA1,5YR01,Friday,08:00:00,13:00:00,Morning
THP2,5YR22,Thursday,13:00:00,18:00:00,Afternoon
WEA1,4YR16,Wednesday,08:00:00,13:00:00,Morning
WEA1,2YR19,Wednesday,08:00:00,13:00:00,Morning
WEA1,4YR21,Wednesday,08:00:00,13:00:00,Morning
WEA1,2YR30,Wednesday,08:00:00,13:00:00,Morning
WEA1,3YR08,Wednesday,08:00:00,13:00:00,Morning
WEA1,2YR11,Wednesday,08:00:00,13:00:00,Morning
WEA1,5YR15,Wednesday,08:00:00,13:00:00,Morning
WEA1,5YR09,Wednesday,08:00:00,13:00:00,Morning
WEA1,2YR09,Wednesday,08:00:00,13:00:00,Morning
WEA1,4YR19,Wednesday,08:00:00,13:00:00,Morning
WEA1,5YR20,Wednesday,08:00:00,13:00:00,Morning
WEA1,2YR23,Wednesday,08:00:00,13:00:00,Morning
WEA1,3YR10,Wednesday,08:00:00,13:00:00,Morning
MOT2,5YR13,Monday,18:00:00,19:30:00,Twilight Club
THP2,5YR04,Thursday,13:00:00,18:00:00,Afternoon
WEA1,2YR10,Wednesday,08:00:00,13:00:00,Morning
WEA1,3YR09,Wednesday,08:00:00,13:00:00,Morning
WEA1,4YR10,Wednesday,08:00:00,13:00:00,Morning
THA1,5YR12,Thursday,08:00:00,13:00:00,Morning
MOA1,5YR29,Monday,08:00:00,13:00:00,Morning
WEA1,3YR05,Wednesday,08:00:00,13:00:00,Morning
MOP2,5YR06,Monday,13:00:00,18:00:00,Afternoon
WEA1,4YR08,Wednesday,08:00:00,13:00:00,Morning
WEA1,2YR15,Wednesday,08:00:00,13:00:00,Morning
WEA1,4YR17,Wednesday,08:00:00,13:00:00,Morning
WEA1,5YR26,Wednesday,08:00:00,13:00:00,Morning
SAS1,5YR08,Saturday,06:30:00,08:00:00,Sunrise Club
FRT2,5YR02,Friday,18:00:00,19:30:00,Twilight Club
WEA1,2YR25,Wednesday,08:00:00,13:00:00,Morning
FRP2,5YR02,Friday,13:00:00,18:00:00,Afternoon
WEA1,5YR28,Wednesday,08:00:00,13:00:00,Morning
WEA1,2YR03,Wednesday,08:00:00,13:00:00,Morning
WEA1,5YR14,Wednesday,08:00:00,13:00:00,Morning
WEA1,2YR27,Wednesday,08:00:00,13:00:00,Morning
MOP2,5YR02,Monday,13:00:00,18:00:00,Afternoon
WEA1,2YR28,Wednesday,08:00:00,13:00:00,Morning
WEA1,3YR21,Wednesday,08:00:00,13:00:00,Morning
WEA1,5YR27,Wednesday,08:00:00,13:00:00,Morning
WEA1,5YR05,Wednesday,08:00:00,13:00:00,Morning
MOP2,5YR18,Monday,13:00:00,18:00:00,Afternoon
MOP2,5YR13,Monday,13:00:00,18:00:00,Afternoon
THA1,5YR02,Thursday,08:00:00,13:00:00,Morning
WEA1,5YR17,Wednesday,08:00:00,13:00:00,Morning
WEA1,5YR07,Wednesday,08:00:00,13:00:00,Morning
WEA1,3YR19,Wednesday,08:00:00,13:00:00,Morning
WEA1,4YR20,Wednesday,08:00:00,13:00:00,Morning
WEA1,5YR03,Wednesday,08:00:00,13:00:00,Morning
WEA1,5YR23,Wednesday,08:00:00,13:00:00,Morning
TUA1,5YR16,Tuesday,08:00:00,13:00:00,Morning
WES1,2YR03,Wednesday,06:30:00,08:00:00,Sunrise Club
WES1,4YR16,Wednesday,06:30:00,08:00:00,Sunrise Club
WES1,3YR09,Wednesday,06:30:00,08:00:00,Sunrise Club
SAA1,5YR18,Saturday,08:00:00,14:00:00,Morning
WES1,5YR03,Wednesday,06:30:00,08:00:00,Sunrise Club
WES1,3YR14,Wednesday,06:30:00,08:00:00,Sunrise Club
WES1,2YR09,Wednesday,06:30:00,08:00:00,Sunrise Club
WES1,3YR21,Wednesday,06:30:00,08:00:00,Sunrise Club
WES1,2YR30,Wednesday,06:30:00,08:00:00,Sunrise Club
WES1,5YR15,Wednesday,06:30:00,08:00:00,Sunrise Club
WES1,5YR17,Wednesday,06:30:00,08:00:00,Sunrise Club
WES1,4YR11,Wednesday,06:30:00,08:00:00,Sunrise Club
WEA1,5YR22,Wednesday,08:00:00,13:00:00,Morning
TUP2,5YR01,Tuesday,13:00:00,18:00:00,Afternoon
WES1,4YR20,Wednesday,06:30:00,08:00:00,Sunrise Club
WES1,5YR09,Wednesday,06:30:00,08:00:00,Sunrise Club
WES1,2YR14,Wednesday,06:30:00,08:00:00,Sunrise Club
WES1,5YR21,Wednesday,06:30:00,08:00:00,Sunrise Club
WES1,5YR23,Wednesday,06:30:00,08:00:00,Sunrise Club
TUP2,5YR02,Tuesday,13:00:00,18:00:00,Afternoon
TUA1,5YR04,Tuesday,08:00:00,13:00:00,Morning
WES1,2YR25,Wednesday,06:30:00,08:00:00,Sunrise Club
WES1,3YR08,Wednesday,06:30:00,08:00:00,Sunrise Club
WES1,4YR10,Wednesday,06:30:00,08:00:00,Sunrise Club
WES1,5YR07,Wednesday,06:30:00,08:00:00,Sunrise Club
WES1,2YR29,Wednesday,06:30:00,08:00:00,Sunrise Club
WES1,4YR17,Wednesday,06:30:00,08:00:00,Sunrise Club
WET2,2YR08,Wednesday,18:00:00,19:30:00,Twilight Club
TUT2,5YR06,Tuesday,18:00:00,19:30:00,Twilight Club
WET2,1YR03,Wednesday,18:00:00,19:30:00,Twilight Club
MOP2,3YR01,Monday,13:00:00,18:00:00,Afternoon
WET2,2YR05,Wednesday,18:00:00,19:30:00,Twilight Club
WET2,4YR21,Wednesday,18:00:00,19:30:00,Twilight Club
TUA1,5YR18,Tuesday,08:00:00,13:00:00,Morning
WET2,4YR15,Wednesday,18:00:00,19:30:00,Twilight Club
SAA1,3YR01,Saturday,08:00:00,14:00:00,Morning
TUA1,5YR13,Tuesday,08:00:00,13:00:00,Morning
WET2,2YR01,Wednesday,18:00:00,19:30:00,Twilight Club
WET2,3YR07,Wednesday,18:00:00,19:30:00,Twilight Club
WET2,5YR02,Wednesday,18:00:00,19:30:00,Twilight Club
WET2,4YR11,Wednesday,18:00:00,19:30:00,Twilight Club
THS1,4YR14,Thursday,06:30:00,08:00:00,Sunrise Club
WET2,2YR11,Wednesday,18:00:00,19:30:00,Twilight Club
WEP2,3YR07,Wednesday,13:00:00,18:00:00,Afternoon
WEP2,1YR03,Wednesday,13:00:00,18:00:00,Afternoon
WEP2,2YR07,Wednesday,13:00:00,18:00:00,Afternoon
WEP2,2YR01,Wednesday,13:00:00,18:00:00,Afternoon
WEP2,5YR26,Wednesday,13:00:00,18:00:00,Afternoon
WEP2,4YR10,Wednesday,13:00:00,18:00:00,Afternoon
WEP2,4YR16,Wednesday,13:00:00,18:00:00,Afternoon
WEP2,5YR02,Wednesday,13:00:00,18:00:00,Afternoon
WEP2,4YR15,Wednesday,13:00:00,18:00:00,Afternoon
WEP2,5YR11,Wednesday,13:00:00,18:00:00,Afternoon
TUP2,5YR18,Tuesday,13:00:00,18:00:00,Afternoon
WET2,5YR18,Wednesday,18:00:00,19:30:00,Twilight Club
WEP2,5YR18,Wednesday,13:00:00,18:00:00,Afternoon
WEP2,4YR21,Wednesday,13:00:00,18:00:00,Afternoon
WET2,3YR01,Wednesday,18:00:00,19:30:00,Twilight Club
WEP2,4YR03,Wednesday,13:00:00,18:00:00,Afternoon
WEP2,3YR21,Wednesday,13:00:00,18:00:00,Afternoon
TUP2,5YR06,Tuesday,13:00:00,18:00:00,Afternoon
WEA1,5YR12,Wednesday,08:00:00,13:00:00,Morning
WEP2,3YR10,Wednesday,13:00:00,18:00:00,Afternoon
WET2,4YR14,Wednesday,18:00:00,19:30:00,Twilight Club
WEP2,5YR09,Wednesday,13:00:00,18:00:00,Afternoon
WEP2,5YR24,Wednesday,13:00:00,18:00:00,Afternoon
WEP2,2YR23,Wednesday,13:00:00,18:00:00,Afternoon
WEP2,2YR14,Wednesday,13:00:00,18:00:00,Afternoon
WEP2,2YR19,Wednesday,13:00:00,18:00:00,Afternoon
WEP2,5YR17,Wednesday,13:00:00,18:00:00,Afternoon
WEP2,2YR11,Wednesday,13:00:00,18:00:00,Afternoon
WEP2,4YR11,Wednesday,13:00:00,18:00:00,Afternoon
WEA1,5YR13,Wednesday,08:00:00,13:00:00,Morning
WES1,5YR22,Wednesday,06:30:00,08:00:00,Sunrise Club
WEP2,5YR10,Wednesday,13:00:00,18:00:00,Afternoon
WEP2,2YR05,Wednesday,13:00:00,18:00:00,Afternoon
WEP2,4YR09,Wednesday,13:00:00,18:00:00,Afternoon
WEP2,2YR03,Wednesday,13:00:00,18:00:00,Afternoon
WEP2,3YR01,Wednesday,13:00:00,18:00:00,Afternoon
WEP2,5YR20,Wednesday,13:00:00,18:00:00,Afternoon
WEP2,2YR08,Wednesday,13:00:00,18:00:00,Afternoon
WEP2,3YR03,Wednesday,13:00:00,18:00:00,Afternoon
WEA1,5YR01,Wednesday,08:00:00,13:00:00,Morning
WEP2,2YR09,Wednesday,13:00:00,18:00:00,Afternoon
WEP2,2YR25,Wednesday,13:00:00,18:00:00,Afternoon
WEP2,5YR23,Wednesday,13:00:00,18:00:00,Afternoon
WEA1,5YR08,Wednesday,08:00:00,13:00:00,Morning
WEP2,5YR12,Wednesday,13:00:00,18:00:00,Afternoon
WEP2,5YR01,Wednesday,13:00:00,18:00:00,Afternoon
THS1,4YR05,Thursday,06:30:00,08:00:00,Sunrise Club
WEA1,4YR05,Wednesday,08:00:00,13:00:00,Morning
WEP2,4YR14,Wednesday,13:00:00,18:00:00,Afternoon
TUA1,3YR23,Tuesday,08:00:00,13:00:00,Morning
TUS1,3YR23,Tuesday,06:30:00,08:00:00,Sunrise Club
WEA1,3YR23,Wednesday,08:00:00,13:00:00,Morning
WEP2,3YR23,Wednesday,13:00:00,18:00:00,Afternoon
MOP2,3YR16,Monday,13:00:00,18:00:00,Afternoon
TUT2,3YR16,Tuesday,18:00:00,19:30:00,Twilight Club
TUP2,3YR16,Tuesday,13:00:00,18:00:00,Afternoon
FRA1,3YR16,Friday,08:00:00,13:00:00,Morning
FRP2,3YR16,Friday,13:00:00,18:00:00,Afternoon
TUA1,3YR01,Tuesday,08:00:00,13:00:00,Morning
MOP2,4YR14,Monday,13:00:00,18:00:00,Afternoon
WEA1,5YR16,Wednesday,08:00:00,13:00:00,Morning
WES1,5YR16,Wednesday,06:30:00,08:00:00,Sunrise Club
