Last_Name,First_Name,Child_ID,Gender,DOB,Reg_Date,Food_Allergy,Contact_Name,Relationship,Contact_Number
Clements,Jay,3YR23,Male,09/02/2022,09/04/2023,0,Alina Simoncelli,Mother,07700900245
Clements,Imogen,2YR39,Female,19/12/2023,18/02/2024,0,Alina Simoncelli,Mother,07700900245
Lawrence,Rhiannon,3YR16,Female,13/05/2022,13/01/2023,0,Amelia Lawrence,Mother,07700900345
Lawrence,Tobiah,2YR26,Male,01/09/2023,04/12/2023,0,Amelia Lawrence,Mother,07700900345
Claybourne,Elizabeth,5YR08,Female,31/08/2020,30/09/2020,0,Chloe Robinson,Grandmother,07700900324
Claybourne,Leonardo,2YR24,Male,18/01/2023,16/11/2023,0,Chloe Robinson,Grandmother,07700900324
Hewson,Maya,4YR05,Female,22/04/2021,22/09/2021,-1,Henry Leyshon,Uncle,07700900250
Hewson,Charmaine,3YR24,Female,04/10/2022,27/04/2023,0,Henry Leyshon,Uncle,07700900250
Partington,Noah,5YR01,Male,07/02/2020,07/03/2020,-1,Ioana Partington,Mother,07700900207
Partington,Britanny,3YR20,Female,19/07/2022,01/03/2023,-1,Ioana Partington,Mother,07700900207
Rosenberg,Poppy,3YR01,Female,21/01/2022,21/02/2022,0,Jade Washington,Grandmother,07700900029
Rosenberg,Charlie,2YR34,Male,21/09/2023,16/01/2024,0,Jade Washington,Grandmother,07700900029
Lampton,Martin,4YR14,Male,26/08/2021,26/02/2022,-1,Marshall Rodriguez,Uncle,07700900603
Lampton,George,2YR32,Male,04/04/2023,10/01/2024,0,Marshall Rodriguez,Uncle,07700900603
Dlamini,Oscar,5YR16,Male,07/11/2020,07/01/2021,0,Nadir Mamba,Uncle,07700900317
Dlamini,Siyabonga,3YR11,Female,12/06/2022,01/11/2022,0,Nadir Mamba,Uncle,07700900317
MacLauchlan,Finlay,3YR19,Male,18/02/2022,18/02/2023,-1,Nathan Robinson,Grandfather,07700900352
MacLauchlan,Elizabeth,2YR33,Female,16/08/2023,10/01/2024,-1,Nathan Robinson,Grandfather,07700900352
Attenborough,Madison,5YR11,Female,19/09/2020,19/11/2020,0,Oscar Attenborough,Father,07700900778
Attenborough,Reuben,3YR15,Male,05/04/2022,10/12/2022,0,Oscar Attenborough,Father,07700900778
Blackwell,Darren,5YR05,Male,05/03/2020,05/07/2020,0,Aaron Blackwell,Uncle,07700900251
Woodhead,Maddox,4YR01,Male,29/01/2021,29/07/2021,0,Abigail Tamboli,Aunt,07700900457
Finnegan,Chantelle,3YR13,Female,09/10/2022,09/11/2022,0,Adele Finnegan,Aunt,07700900642
Davenport,Andrew,2YR40,Male,31/08/2023,29/02/2024,0,Alaya Davenport,Mother,07700900957
Anderson,Laurie,2YR12,Female,07/05/2023,07/08/2023,0,Alicia Anderson,Stepmother,07700900884
Stafford,Hailey,2YR13,Female,09/03/2023,09/08/2023,0,Alison Stafford,Mother,07700900049
Briggs,Autumn,2YR36,Female,29/12/2023,29/01/2024,0,Anastasia Manzoor,Aunt,07700900638
Rogers,Tom,4YR18,Male,05/12/2021,05/04/2022,-1,Andras Castellanos,Nanny,07700900311
Sutherland,Honey,2YR23,Female,07/09/2023,07/11/2023,0,Annabelle Sutherland,Mother,07700900839
Hathaway,Jayden,2YR11,Male,04/06/2023,04/08/2023,-1,Antony Hathaway,Uncle,07700900038
Deakin,John,3YR06,Male,03/05/2022,03/07/2022,0,Austin Deakin,Father,07700900622
Freedman,Melissa,1YR07,Female,19/01/2024,09/04/2024,0,Benjamin Freedman,Father,07700900800
Standfield,Penelope,5YR07,Female,06/04/2020,06/08/2020,-1,Birgitte Reynolds,Mother,07700900905
Urquhart,Joshua,4YR10,Male,29/09/2021,29/10/2021,0,Brian Timberlake,Father,07700900657
Khashan,Sayed,2YR22,Male,20/06/2023,20/10/2023,0,Bushra Wasem,Uncle,07700900680
Bashar,Waheed,2YR25,Male,19/10/2023,19/11/2023,0,Caitlin Dumont,Nanny,07700900884
Hallingsworth,Kai,4YR07,Male,31/08/2021,30/09/2021,0,Callum Williams,Uncle,07700900117
Malkoni,Stefano,3YR02,Male,20/04/2022,20/05/2022,0,Camila Malkoni,Mother,07700900709
Battersby,Herbert,1YR04,Male,22/02/2024,22/03/2024,0,Carly Battersby,Sister,07700900139
Callaghan,Josephine,4YR04,Female,20/07/2021,20/09/2021,0,Chantelle Akhtar,Nanny,07700900434
Hutchinson,Mason,5YR22,Male,11/11/2020,11/02/2021,0,Charles Hutchinson,Father,07700900535
Thanhauser,Gabriella,4YR02,Female,02/05/2021,02/08/2021,-1,Charlotte Thanhauser,Grandmother,07700900716
Dobrzynski,Marek,5YR17,Male,07/10/2020,07/01/2021,-1,Christian Dobrzynski,Father,07700900462
Cardozo,Carlos,2YR09,Male,13/03/2023,13/06/2023,0,Clementine Mullner,Mother,07700900098
Wragg,Rhys,5YR15,Male,09/08/2020,09/12/2020,0,Connor Gladstone,Grandfather,07700900572
Cowling,Victoria,1YR05,Female,22/01/2024,22/03/2024,0,Daniel Newman,Grandfather,07700900492
Hooper-Hodson,Bethan,4YR22,Female,15/11/2021,15/05/2022,0,Dario Gupta,Grandfather,07700900826
Dickson,Melanie,4YR13,Female,26/09/2021,26/02/2022,-1,Darius Constantine,Father,07700900774
Jacobellis,Sally,4YR20,Female,29/12/2021,29/04/2022,0,Dean Spencer,Uncle,07700900968
Chamberlain,Daniel,3YR03,Male,31/01/2022,31/05/2022,-1,Debbie Chamberlain,Mother,07700900788
Mazure,Ruby,1YR01,Female,05/02/2024,05/03/2024,0,Dominic Mazure,Father,07700900427
Patel,Ravi,2YR01,Male,24/02/2023,01/04/2023,0,Donatella Patel,Mother,07700900281
Okoya-Thomas,Elijah,2YR19,Male,27/04/2023,27/09/2023,-1,Elijah Kumar,Uncle,07700900922
Dominguez,Lola,2YR15,Female,24/04/2023,24/08/2023,-1,Ellie Dominguez,Mother,07700900537
Malak,Kayla,3YR26,Female,29/11/2022,29/05/2023,0,Fatema Basara,Grandmother,07700900333
Jamieson,Samuel,5YR25,Male,07/12/2020,07/04/2021,-1,Fatima Jamieson,Mother,07700900419
Stapleford,Benjamin,5YR06,Male,13/05/2020,13/07/2020,0,Felicia Stapleford,Mother,07700900098
Santangelo,Giovanni,5YR24,Male,18/12/2020,18/03/2021,-1,Francesca Mustafa,Aunt,07700900784
Warburton,Isabella,4YR03,Female,14/03/2021,14/08/2021,0,Gabrielle Warburton,Mother,07700900695
Owtram,Adele,5YR14,Female,27/10/2020,27/11/2020,-1,Georgiana Anderson,Nanny,07700900765
Littlewood,Emma,2YR06,Female,03/05/2023,03/06/2023,0,Georgina Littlewood,Mother,07700900272
Cruickshank,Nathaniel,3YR14,Male,15/05/2022,15/11/2022,-1,Gerald Cruickshank,Father,07700900222
Jacobson,Tamara,2YR17,Female,10/03/2023,10/09/2023,0,Giovanni Kovacs,Uncle,07700900434
Ismail,Salim,1YR02,Male,07/01/2024,07/03/2024,-1,Gisella Fakhoury,Aunt,07700900770
Hussien,Makayla,2YR03,Female,05/02/2023,05/05/2023,0,Hamza Hussien,Father,07700900758
Thompson,Leo,3YR04,Male,25/03/2022,25/06/2022,0,Harrison Thompson,Father,07700900677
Damerell,Emily,5YR19,Female,23/12/2020,23/01/2021,-1,Hayden Murphy,Stepfather,07700900740
Caouette-Rochon,Sophia,3YR08,Female,09/07/2022,09/08/2022,0,Jack McCarthy,Stepfather,07700900426
Wainewright,Jodie,2YR20,Female,28/04/2023,28/09/2023,-1,Jack Wainewright,Father,07700900431
Pilkington,Logan,2YR02,Male,27/01/2023,27/04/2023,-1,Jacob Murdoch,Uncle,07700900746
Kumar,Kalinda,5YR13,Female,27/09/2020,20/11/2020,0,Jamaal Kumar,Father,07700900193
Featheringham,Zachary,4YR17,Male,21/09/2021,21/03/2022,0,Jamie Featheringham,Father,07700900520
Buchanan,Cameron,5YR29,Male,20/12/2020,20/06/2021,-1,Jasmin Buchanan,Mother,07700900234
Sprague,Shankunthala,2YR08,Female,12/02/2023,12/06/2023,0,Jasmine Murphy,Nanny,07700900187
Davies,Cooper,3YR21,Male,10/09/2022,10/03/2023,0,Jason Davies,Father,07700900494
Kohlenberg,Thomas,3YR18,Male,02/12/2022,02/02/2023,0,Jessica Menendez,Nanny,07700900795
Ferdinand,Ashleigh,5YR18,Female,18/10/2020,18/01/2021,0,Julie Ferdinand,Mother,07700900354
Tomkinson,Mia,2YR30,Female,10/10/2023,31/12/2023,0,Katie Maxwell,Nanny,07700900963
Van Omerman,Ethan,3YR05,Male,30/03/2022,30/06/2022,0,Katie Van Omerman,Mother,07700900119
Toranzo,Joaquin,4YR15,Male,04/12/2021,04/03/2022,0,Keiman Blumenthal,Grandfather,07700900626
Cooper-Holmes,Marcus,2YR07,Male,09/04/2023,09/06/2023,0,Kelly Cooper-Holmes,Mother,07700900838
Patterson,Chelsea,3YR12,Female,05/05/2022,05/11/2022,-1,Kimberley Patterson,Mother,07700900133
Reynolds,Sebastian,3YR17,Male,19/08/2022,19/01/2023,0,Lauren Reynolds,Mother,07700900147
Scattergood,Grace,5YR10,Female,16/06/2020,16/11/2020,0,Layla Scattergood,Mother,07700900365
Candelaria,Yassin,2YR37,Male,03/12/2023,03/02/2024,0,Leah Candelaria,Mother,07700900764
Carter,Jane,2YR18,Female,26/07/2023,26/09/2023,0,Leanne Kumar,Grandmother,07700900600
Baker,Janet,5YR12,Female,19/05/2020,19/11/2020,0,Leon Kaufmann,Grandfather,07700900562
Navarro,Delfina,2YR27,Female,11/06/2023,11/12/2023,0,Leonardo Navarro,Father,07700900677
Edwards,Paul,2YR29,Male,28/09/2023,28/12/2023,0,Lewis Wiesinger,Grandfather,07700900036
Cornelius,Wyatt,4YR06,Male,28/03/2021,28/09/2021,0,Liam Contreras,Father,07700900947
Corbett,Bailey,5YR04,Male,05/05/2020,05/06/2020,0,Lorena Gonzales,Nanny,07700900689
Fierro,Lucas,4YR21,Male,05/11/2021,05/05/2022,0,Margarita Fierro,Mother,07700900943
Heinemann,Sianna-Marie,3YR10,Female,09/05/2022,09/10/2022,0,Maria Brandenberger,Nanny,07700900875
Villeneuve,Soren,5YR20,Male,23/10/2020,23/01/2021,0,Maria Villeneuve,Mother,07700900650
Kurz,Yasmin,5YR03,Female,27/04/2020,27/05/2020,0,Marius Kurz,Father,07700900165
Pickersgill,Jacob,5YR09,Male,21/05/2020,21/10/2020,0,Matthew Turner,Uncle,07700900719
Rutherford,Daisy,1YR03,Female,18/01/2024,18/03/2024,0,Molly Rutherford,Mother,07700900760
Fisher,Celia,2YR05,Female,25/01/2023,25/05/2023,0,Myra Nuttall,Aunt,07700900949
Agarwal,Vikram,4YR09,Male,19/07/2021,19/10/2021,0,Niall Stewart,Nanny,07700900644
Schneider,Saskia,2YR10,Female,27/05/2023,27/07/2023,-1,Nicholas Schneider,Father,07700900745
Freemantle,Tyler,5YR26,Male,16/11/2020,16/04/2021,0,Nicola Freemantle,Mother,07700900960
Wallace,Amelia,4YR19,Female,08/11/2021,08/04/2022,0,Nigel Wallace,Father,07700900523
Shabbir,Yusuf,3YR09,Male,10/05/2022,10/09/2022,0,Ottilia Begum,Nanny,07700900601
Jackman,Harry,5YR27,Male,15/12/2020,15/05/2021,0,Phillip Jackman,Father,07700900226
Eneduwa,Precious,2YR28,Female,21/08/2023,21/12/2023,-1,Polly Eneduwa,Mother,07700900788
Wolestenholme,Luther,4YR08,Male,14/06/2021,14/10/2021,-1,Ross Wolestenholme,Father,07700900242
Kennedy,Candice,5YR02,Female,20/03/2020,20/05/2020,-1,Roxana Gallagher,Aunt,07700900594
Johansson,Lars,2YR14,Male,21/01/2023,21/08/2023,0,Ruby Shammas,Grandmother,07700900995
Mickelberg,Zofia,2YR21,Female,03/09/2023,03/10/2023,0,Ruth Wingrove,Aunt,07700900765
Vanderlee,Olivia,5YR28,Female,27/11/2020,27/05/2021,0,Ryan Coleman,Uncle,07700900009
Soliman,Toby,4YR12,Male,07/08/2021,07/12/2021,-1,Sabrina Soliman,Stepmother,07700900744
Pennington,Scarlett,3YR07,Female,20/02/2022,20/07/2022,-1,Samuel Bannister,Uncle,07700900368
Abrahamson,Jessica,5YR23,Female,08/10/2020,08/03/2021,-1,Sebastian Singh,Grandfather,07700900624
Harris,Rachael,2YR04,Female,24/03/2023,20/05/2023,-1,Shannon Harris,Mother,07700900800
Hemingway,Chloe,2YR35,Female,17/12/2023,17/01/2024,0,Sophie Hemingway,Grandmother,07700900110
Akers,Brett,3YR25,Male,01/12/2022,01/05/2023,0,Stefan Ghannam,Grandfather,07700900050
Sanchez,Diego,2YR31,Male,03/11/2023,03/01/2024,-1,Stephen Sanchez,Father,07700900492
Adebayo,Maduka,4YR11,Male,25/10/2021,25/11/2021,-1,Susan Bolboaca,Aunt,07700900921
Hornblower,Dylan,1YR06,Male,08/02/2024,01/04/2024,-1,Tanya Hornblower,Mother,07700900841
Barraclough,Savannah,2YR16,Female,03/03/2023,03/09/2023,0,Terri_Ann Becker,Nanny,07700900124
Bishop,Magnus,5YR21,Male,05/12/2020,05/02/2021,0,Thomas Collins,Nanny,07700900119
Drakos,Alyssa,4YR16,Female,09/12/2021,09/03/2022,0,Tomas Odermatt,Uncle,07700900183
Harrington,Cassandra,2YR38,Female,13/10/2023,13/02/2024,0,Yvonne Sutherland,Grandmother,07700900074
Meadows,Sophie,3YR22,Female,21/09/2022,21/03/2023,0,Zachary Marchant,Father,07700900549
