Faculty_code,Faculty,Degree_type,Level,Degree_code,Subject_code,Subject,Duration,Work_exp
VEM,Veterinary Medicine ,Bachelor of Science,6,BSc,VEM_L6_001,Equine Behaviour And Health,4,-1
VEM,Veterinary Medicine ,Bachelor of Science,6,BSc,VEM_L6_002,Equine Bioveterinary Science,3,0
VEM,Veterinary Medicine ,Bachelor of Science,6,BSc,VEM_L6_003,Equine Performance And Business Management,4,0
VEM,Veterinary Medicine ,Master in Science,7,MSci,VEM_L7_004,Equine Science,4.5,-1
VEM,Veterinary Medicine ,Doctor of Philosophy,8,PhD,VEM_L8_005,Equine Science And Sports Performance,3,0
VEM,Veterinary Medicine ,Foundation Degree in Science,5,FdSc,VEM_L5_006,Equine Studies,2,0
VEM,Veterinary Medicine ,Foundation Degree in Science,5,FdSc,VEM_L5_007,Equine Training And Management,2,0
VEM,Veterinary Medicine ,Bachelor of Science,6,BSc ,VEM_L6_008,Equine Therapy And Rehabilitation,3,0
VEM,Veterinary Medicine ,Bachelor of Science,6,BSc,VEM_L6_009,Equine And Veterinary Bioscience,4,-1
VEM,Veterinary Medicine ,Foundation Degree in Science,5,FdSc,VEM_L5_010,Veterinary Nursing Science,3,-1
ENS,Engineering School,Doctor of Philosophy,8,PhD,ENS_L8_001,Agricultural And Biological Engineering ,1.5,0
ENS,Engineering School,Foundation Degree in Science,5,FdSc,ENS_L5_002,Agricultural Machinery Engineering,2,0
FIA,Fine and Applied Arts,Foundation Degree in Arts,5,FdA,FIA_L5_001,Floristry Design,2,0
NSC,Natural Sciences,Doctor of Philosophy,8,PhD,NSC_L8_001,Agricultural Biochemistry,1.5,0
NSC,Natural Sciences,Bachelor of Science,6,BSc,NSC_L6_002,Sciences With Bioorganic And Inorganic,3.5,-1
NSC,Natural Sciences,Bachelor of Science,6,BSc,NSC_L6_003,Organic And Biomolecular Chemistry,3,0
VEM,Veterinary Medicine ,Master of Science,7,MSc,VEM_L7_011,Animal Welfare And Animal Behaviour,4,-1
AES,Agriculture and Environmental Sciences,Bachelor of Science,6,BSc,AES_L6_001,Agriculture With Agronomy,3.5,0
AES,Agriculture and Environmental Sciences,Master of Science,7,MSc,AES_L7_002,Agricultural And Applied Economics,4,0
AES,Agriculture and Environmental Sciences,Bachelor of Science,6,BSc,AES_L6_003,Agriculture With Crop Management,4.5,-1
AES,Agriculture and Environmental Sciences,Bachelor of Science,6,BSc,AES_L6_004,Agricultural And Crop Science,3,-1
AES,Agriculture and Environmental Sciences,Doctor of Philosophy,8,PhD,AES_L8_005,Agri-Environmental Economics,1.5,0
AES,Agriculture and Environmental Sciences,Bachelor of Engineering,6,Beng,AES_L6_006,Agricultural Engineering And Science,5,-1
AES,Agriculture and Environmental Sciences,Master of Environmental Science,7,MEnv,AES_L7_007,Agriculture And Environmental Sciences,5,-1
AES,Agriculture and Environmental Sciences,Foundation Degree in Science,5,FdSc,AES_L5_008,Agriculture And Farm Organisation,3,-1
AES,Agriculture and Environmental Sciences,Master of Science,7,MSc,AES_L7_009,Agroecology And Food Production,4,-1
AES,Agriculture and Environmental Sciences,Doctor of Philosophy,8,PhD,AES_L8_010,Agroforestry And Sustainability,2.5,0
BUS,Business School,Foundation Degree in Science,5,FdSc,BUS_L5_001,Agriculture With Farm Business Administration,2,0
BUS,Business School,Foundation Degree in Science,5,FdSc,BUS_L5_002,Agriculture With Dairy Herd Management,2.5,-1
BUS,Business School,Bachelor of Science,6,BSc,BUS_L6_003,Agribusiness And Organic Farm Management ,3,0
BUS,Business School,Bachelor of Science,6,BSc,BUS_L6_004,Finance In Agricultural Business,3,-1
BUS,Business School,Bachelor of Science,6,BSc,BUS_L6_005,Integrated Agricultural Business Management,3,-1
ECC,Ecology and Conservation,Foundation Degree in Science,5,FdSc,ECC_L5_001,Animal Management And Wildlife Conservation,2,0
ECC,Ecology and Conservation,Master of Philosophy,8,MPhil,ECC_L8_002,Crop Sciences Agroecology,1.5,0
ECC,Ecology and Conservation,Foundation Degree in Science,5,FdSc,ECC_L5_003,Ecology And Wildlife Conservation,2.5,-1
ECC,Ecology and Conservation,Master of Science,7,MSc,ECC_L7_004,Environmental Engineering And Sustainable Energy,3,-1
ECC,Ecology and Conservation,Bachelor of Science,6,BSc,ECC_L6_005,Forestry Conservation,3,-1
ECC,Ecology and Conservation,Bachelor of Science,6,BSc,ECC_L6_006,Global Environmental Change And Sustainability,3,0
ECC,Ecology and Conservation,Bachelor of Science,6,BSc,ECC_L6_007,Sustainable Food And Farming,3.5,-1
ECC,Ecology and Conservation,Doctor of Philosophy,8,PhD,ECC_L8_008,Sustainable Agriculture And Food Systems,1.5,0
ECC,Ecology and Conservation,Bachelor of Science,6,BSc,ECC_L6_009,Woodland Management And Conservation,3,-1
ENS,Engineering School,Bachelor of Engineering,6,BEng,ENS_L6_003,Agricultural And Biological Engineering,4,0
AES,Agriculture and Environmental Sciences,Master of Agriculture,7,MAg,AES_L7_011,Agriculture With Regenerative Systems,4,0
AES,Agriculture and Environmental Sciences,Master of Science,7,MSc,AES_L7_012,Applied Animal Sciences,4.5,-1
AES,Agriculture and Environmental Sciences,Bachelor of Science,6,BSc,AES_L6_013,Commercial Horticulture,3,0
AES,Agriculture and Environmental Sciences,Bachelor of Science,6,BSc,AES_L6_014,Crop Sciences And Integrated Pest Management,2.5,0
AES,Agriculture and Environmental Sciences,Master of Philosophy,8,MPhil,AES_L8_015,Ecological Organic Agriculture,2,0
AES,Agriculture and Environmental Sciences,Bachelor of Science,6,BSc,AES_L6_016,Economics And Organic Farming,3.5,-1
AES,Agriculture and Environmental Sciences,Doctor of Philosophy,8,PhD,AES_L8_017,Global Agronomy,1.5,0
AES,Agriculture and Environmental Sciences,Foundation Degree in Science,5,FdSc,AES_L5_018,Horticulture And Applied Plant Science,2.5,-1
AES,Agriculture and Environmental Sciences,Bachelor of Science,6,BSc,AES_L6_019,Organic Arable And Fruit Farming,3.5,-1
AES,Agriculture and Environmental Sciences,Bachelor of Science,6,BSc,AES_L6_020,Organic Agriculture Systems,4.5,-1
AES,Agriculture and Environmental Sciences,Foundation Degree in Science,5,FdSc,AES_L5_021,Organic And Sustainable Agriculture,2.5,-1
AES,Agriculture and Environmental Sciences,Foundation Degree in Science,5,FdSc,AES_L5_022,Regenerative Organic Agriculture,3,-1
AES,Agriculture and Environmental Sciences,Bachelor of Science,6,BSc,AES_L6_023,Smart Organic Farming,3.5,-1
