World greenhouse gas emissions by sector,,,,,,,,
Economic sector,Unit,1990,1995,2000,2005,2010,2015,2020
Industrial Processes,MTCO2e,1008.4,1225.41,1389.87,1738.64,2221.78,2685.92,3193.5
"Agriculture, Forestry and other Land Use",MTCO2e,8906.54,8952.81,8764.46,8938.62,8997.03,8468.56,9838.41
Waste,MTCO2e,1364.4,1476.51,1466.76,1422.66,1465.13,1543.59,1703.21
Electricity/Heat Production,MTCO2e,9127.95,9268.36,10597.94,12435.52,14211.19,15059.71,16547.2
Buildings,MTCO2e,2880.88,2852.91,2806.82,2961.43,2991.4,2968.2,3203.25
Manufacturing/Construction,MTCO2e,1478.99,1462.86,1401.28,2461.07,3624.86,3870.43,4080.46
Transportation,MTCO2e,2425.54,2848.97,3613.67,4361.08,4888.99,5623.23,6447.03
